location_id	bin_early	bin_late	morphotype	taxon	rank	taxonomic_tree	taxon_ambiguous_with	variable	variable_unit	variable_value (float)	variable_ci (float option)	variable_confidence_qualitative (string option)
z4-p93	12000	0	NA	Unknown (not yet coded)	Kingdom	unknown	unknown	earliest_occurrence_date	cal yr BP	NaN		
z4-p93	12000	0	NA	Life	Life	unknown	unknown	earliest_occurrence_date	cal yr BP	NaN		
z4-p93	12000	0	NA	Plantae	Kingdom	unknown	unknown	earliest_occurrence_date	cal yr BP	NaN		
z4-p93	12000	0	NA	Angiosperms	Phylum	unknown	unknown	earliest_occurrence_date	cal yr BP	NaN		
z4-p93	12000	0	NA	Rosales	Order	unknown	unknown	earliest_occurrence_date	cal yr BP	NaN		
z4-p93	12000	0	NA	Rosaceae	Family	unknown	unknown	earliest_occurrence_date	cal yr BP	NaN		
z4-p93	12000	0	NA	Alchemilla	Genus	unknown	unknown	earliest_occurrence_date	cal yr BP	NaN		
z4-p93	12000	0	NA	Alchemilla alpina L.	Species	unknown	unknown	earliest_occurrence_date	cal yr BP	NaN		
z4-p93	12000	0	NA	Fagales	Order	unknown	unknown	earliest_occurrence_date	cal yr BP	NaN		
z4-p93	12000	0	NA	Betulaceae	Family	unknown	unknown	earliest_occurrence_date	cal yr BP	NaN		
z4-p93	12000	0	NA	Betula	Genus	unknown	unknown	earliest_occurrence_date	cal yr BP	NaN		
z4-p93	12000	0	NA	Betula nana L.	Species	unknown	unknown	earliest_occurrence_date	cal yr BP	NaN		
z4-p93	12000	0	NA	Carex bigelowii Torr.	Species	unknown	unknown	earliest_occurrence_date	cal yr BP	NaN		
z4-p93	12000	0	NA	Carex brunescens (Pers.) Poir.	Species	unknown	unknown	earliest_occurrence_date	cal yr BP	NaN		
z4-p93	12000	0	NA	Poales	Order	unknown	unknown	earliest_occurrence_date	cal yr BP	NaN		
z4-p93	12000	0	NA	Cyperaceae	Family	unknown	unknown	earliest_occurrence_date	cal yr BP	NaN		
z4-p93	12000	0	NA	Carex	Genus	unknown	unknown	earliest_occurrence_date	cal yr BP	NaN		
z4-p93	12000	0	NA	Carex capillaris L.	Species	unknown	unknown	earliest_occurrence_date	cal yr BP	NaN		
z4-p93	12000	0	NA	Carex gynocrates Wormsk.	Species	unknown	unknown	earliest_occurrence_date	cal yr BP	NaN		
z4-p93	12000	0	NA	Carex lachenalii Schkuhr.	Species	unknown	unknown	earliest_occurrence_date	cal yr BP	NaN		
z4-p93	12000	0	NA	Carex norvegica L.	Species	unknown	unknown	earliest_occurrence_date	cal yr BP	NaN		
z4-p93	12000	0	NA	Carex rufina Drej.	Species	unknown	unknown	earliest_occurrence_date	cal yr BP	NaN		
z4-p93	12000	0	NA	Chamaenerion latifolium (L.) Th. Fries & Lge.	Species	unknown	unknown	earliest_occurrence_date	cal yr BP	NaN		
z4-p93	12000	0	NA	Brassicales	Order	unknown	unknown	earliest_occurrence_date	cal yr BP	NaN		
z4-p93	12000	0	NA	Brassicaceae	Family	unknown	unknown	earliest_occurrence_date	cal yr BP	NaN		
z4-p93	12000	0	NA	Brassicoideae	Subfamily	unknown	unknown	earliest_occurrence_date	cal yr BP	NaN		
z4-p93	12000	0	NA	Arabideae	Tribe	unknown	unknown	earliest_occurrence_date	cal yr BP	NaN		
z4-p93	12000	0	NA	Draba	Genus	unknown	unknown	earliest_occurrence_date	cal yr BP	NaN		
z4-p93	12000	0	NA	Dryas integrifolia M. Vahl.	Species	unknown	unknown	earliest_occurrence_date	cal yr BP	NaN		
z4-p93	12000	0	NA	Empetrum hermaphroditum (Hagerup) Böch.	Species	unknown	unknown	earliest_occurrence_date	cal yr BP	NaN		
z4-p93	12000	0	NA	Malpighiales	Order	unknown	unknown	earliest_occurrence_date	cal yr BP	NaN		
z4-p93	12000	0	NA	Salicaceae	Family	unknown	unknown	earliest_occurrence_date	cal yr BP	NaN		
z4-p93	12000	0	NA	Salix	Genus	unknown	unknown	earliest_occurrence_date	cal yr BP	NaN		
z4-p93	12000	0	NA	Salix herbacea L.	Species	unknown	unknown	earliest_occurrence_date	cal yr BP	NaN		
z4-p93	12000	0	NA	Ericales	Order	unknown	unknown	earliest_occurrence_date	cal yr BP	NaN		
z4-p93	12000	0	NA	Harrimanella hypnoides (L.) Coville	Species	unknown	unknown	earliest_occurrence_date	cal yr BP	NaN		
z4-p93	12000	0	NA	Lamiales	Order	unknown	unknown	earliest_occurrence_date	cal yr BP	NaN		
z4-p93	12000	0	NA	Hippuris	Genus	unknown	unknown	earliest_occurrence_date	cal yr BP	NaN		
z4-p93	12000	0	NA	Hippuris vulgaris L.	Species	unknown	unknown	earliest_occurrence_date	cal yr BP	NaN		
z4-p93	12000	0	NA	Juncaceae	Family	unknown	unknown	earliest_occurrence_date	cal yr BP	NaN		
z4-p93	12000	0	NA	Juncus	Genus	unknown	unknown	earliest_occurrence_date	cal yr BP	NaN		
z4-p93	12000	0	NA	Pinophyta	Phylum	unknown	unknown	earliest_occurrence_date	cal yr BP	NaN		
z4-p93	12000	0	NA	Pinopsida	Class	unknown	unknown	earliest_occurrence_date	cal yr BP	NaN		
z4-p93	12000	0	NA	Cupressales	Order	unknown	unknown	earliest_occurrence_date	cal yr BP	NaN		
z4-p93	12000	0	NA	Cupressaceae	Family	unknown	unknown	earliest_occurrence_date	cal yr BP	NaN		
z4-p93	12000	0	NA	Juniperus	Genus	unknown	unknown	earliest_occurrence_date	cal yr BP	NaN		
z4-p93	12000	0	NA	Juniperus communis L.	Species	unknown	unknown	earliest_occurrence_date	cal yr BP	NaN		
z4-p93	12000	0	NA	Luzula	Genus	unknown	unknown	earliest_occurrence_date	cal yr BP	NaN		
z4-p93	12000	0	NA	Minuratia rubella (Wbg.) Hiern.	Species	unknown	unknown	earliest_occurrence_date	cal yr BP	NaN		
z4-p93	12000	0	NA	Phippsia algida (Sol.) R. Br.	Species	unknown	unknown	earliest_occurrence_date	cal yr BP	NaN		
z4-p93	12000	0	NA	Phyllodoce	Genus	unknown	unknown	earliest_occurrence_date	cal yr BP	NaN		
z4-p93	12000	0	NA	Poaceae	Family	unknown	unknown	earliest_occurrence_date	cal yr BP	NaN		
z4-p93	12000	0	NA	Poa	Genus	unknown	unknown	earliest_occurrence_date	cal yr BP	NaN		
z4-p93	12000	0	NA	Alismatales	Order	unknown	unknown	earliest_occurrence_date	cal yr BP	NaN		
z4-p93	12000	0	NA	Potamogetonaceae	Family	unknown	unknown	earliest_occurrence_date	cal yr BP	NaN		
z4-p93	12000	0	NA	Potamogeton	Genus	unknown	unknown	earliest_occurrence_date	cal yr BP	NaN		
z4-p93	12000	0	NA	Potamogeton pusillus L.	Species	unknown	unknown	earliest_occurrence_date	cal yr BP	NaN		
z4-p93	12000	0	NA	Potentilla	Genus	unknown	unknown	earliest_occurrence_date	cal yr BP	NaN		
z4-p93	12000	0	NA	Ranunculus confervoides (Fr.) Asch. & Graebn.	Species	unknown	unknown	earliest_occurrence_date	cal yr BP	NaN		
z4-p93	12000	0	NA	Ranunculales	Order	unknown	unknown	earliest_occurrence_date	cal yr BP	NaN		
z4-p93	12000	0	NA	Ranunculaceae	Family	unknown	unknown	earliest_occurrence_date	cal yr BP	NaN		
z4-p93	12000	0	NA	Ranunculus	Genus	unknown	unknown	earliest_occurrence_date	cal yr BP	NaN		
z4-p93	12000	0	NA	Ranunculus hyperboreus Rottb.	Species	unknown	unknown	earliest_occurrence_date	cal yr BP	NaN		
z4-p93	12000	0	NA	Caryophyllales	Order	unknown	unknown	earliest_occurrence_date	cal yr BP	NaN		
z4-p93	12000	0	NA	Caryophyllaceae	Family	unknown	unknown	earliest_occurrence_date	cal yr BP	NaN		
z4-p93	12000	0	NA	Silene	Genus	unknown	unknown	earliest_occurrence_date	cal yr BP	NaN		
z4-p93	12000	0	NA	Silene acaulis (L.) Jacq.	Species	unknown	unknown	earliest_occurrence_date	cal yr BP	NaN		
z4-p93	12000	0	NA	Ericaceae	Family	unknown	unknown	earliest_occurrence_date	cal yr BP	NaN		
z4-p93	12000	0	NA	Vaccinioideae	Subfamily	unknown	unknown	earliest_occurrence_date	cal yr BP	NaN		
z4-p93	12000	0	NA	Vaccinium	Genus	unknown	unknown	earliest_occurrence_date	cal yr BP	NaN		
z4-p93	12000	0	NA	Vaccinium uliginosum L.	Species	unknown	unknown	earliest_occurrence_date	cal yr BP	NaN		
z4-p93	12000	0	NA	Alnus	Genus	unknown	unknown	earliest_occurrence_date	cal yr BP	NaN		
z4-p93	12000	0	NA	Asterales	Order	unknown	unknown	earliest_occurrence_date	cal yr BP	NaN		
z4-p93	12000	0	NA	Asteraceae	Family	unknown	unknown	earliest_occurrence_date	cal yr BP	NaN		
z4-p93	12000	0	NA	Asteroideae	Subfamily	unknown	unknown	earliest_occurrence_date	cal yr BP	NaN		
z4-p93	12000	0	NA	Anthemideae	Tribe	unknown	unknown	earliest_occurrence_date	cal yr BP	NaN		
z4-p93	12000	0	NA	Artemisia	Genus	unknown	unknown	earliest_occurrence_date	cal yr BP	NaN		
z4-p93	12000	0	NA	Polypodiophyta	Phylum	unknown	unknown	earliest_occurrence_date	cal yr BP	NaN		
z4-p93	12000	0	NA	Polypodiopsida	Class	unknown	unknown	earliest_occurrence_date	cal yr BP	NaN		
z4-p93	12000	0	NA	Ophioglossales	Order	unknown	unknown	earliest_occurrence_date	cal yr BP	NaN		
z4-p93	12000	0	NA	Ophioglossaceae	Family	unknown	unknown	earliest_occurrence_date	cal yr BP	NaN		
z4-p93	12000	0	NA	Botrychioideae	Subfamily	unknown	unknown	earliest_occurrence_date	cal yr BP	NaN		
z4-p93	12000	0	NA	Botrychium	Genus	unknown	unknown	earliest_occurrence_date	cal yr BP	NaN		
z4-p93	12000	0	NA	Campanulaceae	Family	unknown	unknown	earliest_occurrence_date	cal yr BP	NaN		
z4-p93	12000	0	NA	Campanula	Genus	unknown	unknown	earliest_occurrence_date	cal yr BP	NaN		
z4-p93	12000	0	NA	Stellaria longipes Goldie	Species	unknown	unknown	earliest_occurrence_date	cal yr BP	NaN		
z4-p93	12000	0	NA	Cerastium fontanum Baumg.	Species	unknown	unknown	earliest_occurrence_date	cal yr BP	NaN		
z4-p93	12000	0	NA	Cerastium alpinum L.	Species	unknown	unknown	earliest_occurrence_date	cal yr BP	NaN		
z4-p93	12000	0	NA	Dryas	Genus	unknown	unknown	earliest_occurrence_date	cal yr BP	NaN		
z4-p93	12000	0	NA	Polypodiales	Order	unknown	unknown	earliest_occurrence_date	cal yr BP	NaN		
z4-p93	12000	0	NA	Polypodiaceae	Family	unknown	unknown	earliest_occurrence_date	cal yr BP	NaN		
z4-p93	12000	0	NA	Orobanchaceae	Family	unknown	unknown	earliest_occurrence_date	cal yr BP	NaN		
z4-p93	12000	0	NA	Rhinanthus	Genus	unknown	unknown	earliest_occurrence_date	cal yr BP	NaN		
z4-p93	12000	0	NA	Euphrasia	Genus	unknown	unknown	earliest_occurrence_date	cal yr BP	NaN		
z4-p93	12000	0	NA	Bartsia	Genus	unknown	unknown	earliest_occurrence_date	cal yr BP	NaN		
z4-p93	12000	0	NA	Gentianales	Order	unknown	unknown	earliest_occurrence_date	cal yr BP	NaN		
z4-p93	12000	0	NA	Rubiaceae	Family	unknown	unknown	earliest_occurrence_date	cal yr BP	NaN		
z4-p93	12000	0	NA	Galium	Genus	unknown	unknown	earliest_occurrence_date	cal yr BP	NaN		
z4-p93	12000	0	NA	Gymnocarpium dryopteris (L.) Newman	Species	unknown	unknown	earliest_occurrence_date	cal yr BP	NaN		
z4-p93	12000	0	NA	Lycopodiophyta	Phylum	unknown	unknown	earliest_occurrence_date	cal yr BP	NaN		
z4-p93	12000	0	NA	Lycopodiopsida	Class	unknown	unknown	earliest_occurrence_date	cal yr BP	NaN		
z4-p93	12000	0	NA	Lycopodiales	Order	unknown	unknown	earliest_occurrence_date	cal yr BP	NaN		
z4-p93	12000	0	NA	Lycopodiaceae	Family	unknown	unknown	earliest_occurrence_date	cal yr BP	NaN		
z4-p93	12000	0	NA	Lycopodioideae	Subfamily	unknown	unknown	earliest_occurrence_date	cal yr BP	NaN		
z4-p93	12000	0	NA	Lycopodium	Genus	unknown	unknown	earliest_occurrence_date	cal yr BP	NaN		
z4-p93	12000	0	NA	Lycopodium clavatum L.	Species	unknown	unknown	earliest_occurrence_date	cal yr BP	NaN		
z4-p93	12000	0	NA	Sibbaldia procumbens L.	Species	unknown	unknown	earliest_occurrence_date	cal yr BP	NaN		
z4-p93	12000	0	NA	Comarum	Genus	unknown	unknown	earliest_occurrence_date	cal yr BP	NaN		
z4-p93	12000	0	NA	Comarum palustre L.	Species	unknown	unknown	earliest_occurrence_date	cal yr BP	NaN		
z4-p93	12000	0	NA	Potentilla hyparctica Malte	Species	unknown	unknown	earliest_occurrence_date	cal yr BP	NaN		
z4-p93	12000	0	NA	Potentilla nivea L.	Species	unknown	unknown	earliest_occurrence_date	cal yr BP	NaN		
z4-p93	12000	0	NA	Potentilla hookeriana Lehm.	Species	unknown	unknown	earliest_occurrence_date	cal yr BP	NaN		
z4-p93	12000	0	NA	Polygonaceae	Family	unknown	unknown	earliest_occurrence_date	cal yr BP	NaN		
z4-p93	12000	0	NA	Rumex	Genus	unknown	unknown	earliest_occurrence_date	cal yr BP	NaN		
z4-p93	12000	0	NA	Rumex acetosella L.	Species	unknown	unknown	earliest_occurrence_date	cal yr BP	NaN		
z4-p93	12000	0	NA	Saxifraga paniculata Mill.	Species	unknown	unknown	earliest_occurrence_date	cal yr BP	NaN		
z4-p93	12000	0	NA	Saxifraga aizoides L.	Species	unknown	unknown	earliest_occurrence_date	cal yr BP	NaN		
z4-p93	12000	0	NA	Saxifraga tricuspidata Rottb.	Species	unknown	unknown	earliest_occurrence_date	cal yr BP	NaN		
z4-p93	12000	0	NA	Saxifragales	Order	unknown	unknown	earliest_occurrence_date	cal yr BP	NaN		
z4-p93	12000	0	NA	Saxifragaceae	Family	unknown	unknown	earliest_occurrence_date	cal yr BP	NaN		
z4-p93	12000	0	NA	Saxifraga	Genus	unknown	unknown	earliest_occurrence_date	cal yr BP	NaN		
z4-p93	12000	0	NA	Saxifraga oppositifolia L.	Species	unknown	unknown	earliest_occurrence_date	cal yr BP	NaN		
z4-p93	12000	0	NA	Thalictrum	Genus	unknown	unknown	earliest_occurrence_date	cal yr BP	NaN		
z4-p93	12000	0	NA	Thalictrum alpinum L.	Species	unknown	unknown	earliest_occurrence_date	cal yr BP	NaN		
z4-p93	12000	0	NA	Tofieldiaceae	Family	unknown	unknown	earliest_occurrence_date	cal yr BP	NaN		
z4-p93	12000	0	NA	Tofieldia	Genus	unknown	unknown	earliest_occurrence_date	cal yr BP	NaN		
z4-p93	12000	0	NA	Arctostaphylos alpina (L.) Spreng.	Species	unknown	unknown	earliest_occurrence_date	cal yr BP	NaN		
z4-p93	12000	0	NA	Cassiopoideae	Subfamily	unknown	unknown	earliest_occurrence_date	cal yr BP	NaN		
z4-p93	12000	0	NA	Cassiope	Genus	unknown	unknown	earliest_occurrence_date	cal yr BP	NaN		
z4-p93	12000	0	NA	Cassiope tetragona (L.) D.Don	Species	unknown	unknown	earliest_occurrence_date	cal yr BP	NaN		
z4-p93	12000	0	NA	Myrtales	Order	unknown	unknown	earliest_occurrence_date	cal yr BP	NaN		
z4-p93	12000	0	NA	Onagraceae	Family	unknown	unknown	earliest_occurrence_date	cal yr BP	NaN		
z4-p93	12000	0	NA	Chamaenerion	Genus	unknown	unknown	earliest_occurrence_date	cal yr BP	NaN		
z4-p93	12000	0	NA	Cruciferae	Family	unknown	unknown	earliest_occurrence_date	cal yr BP	NaN		
z4-p93	12000	0	NA	Empetrum nigrum (Hagerup) Böch.	Species	unknown	unknown	earliest_occurrence_date	cal yr BP	NaN		
z4-p93	12000	0	NA	Gramineae	Genus	unknown	unknown	earliest_occurrence_date	cal yr BP	NaN		
z4-p93	12000	0	NA	Huperzia selago (L.) Bernh. ex Schrank. & Mart.	Species	unknown	unknown	earliest_occurrence_date	cal yr BP	NaN		
z4-p93	12000	0	NA	Koenigia	Genus	unknown	unknown	earliest_occurrence_date	cal yr BP	NaN		
z4-p93	12000	0	NA	Koenigia islandica L.	Species	unknown	unknown	earliest_occurrence_date	cal yr BP	NaN		
z4-p93	12000	0	NA	Liguiflorae	Family	unknown	unknown	earliest_occurrence_date	cal yr BP	NaN		
z4-p93	12000	0	NA	Problematic (Placeholder)	Kingdom	unknown	unknown	earliest_occurrence_date	cal yr BP	NaN		
z4-p93	12000	0	NA	Oxyria	Genus	unknown	unknown	earliest_occurrence_date	cal yr BP	NaN		
z4-p93	12000	0	NA	Pedicuralis	Genus	unknown	unknown	earliest_occurrence_date	cal yr BP	NaN		
z4-p93	12000	0	NA	Phyllodoce corerulea (L.) Bab.	Species	unknown	unknown	earliest_occurrence_date	cal yr BP	NaN		
z4-p93	12000	0	NA	Polygonum viviparum L.	Species	unknown	unknown	earliest_occurrence_date	cal yr BP	NaN		
z4-p93	12000	0	NA	Rhododendron lapponicum (L.) Wbg.	Species	unknown	unknown	earliest_occurrence_date	cal yr BP	NaN		
z4-p93	12000	0	NA	Saxifraga hieraciifolia W. & K.	Species	unknown	unknown	earliest_occurrence_date	cal yr BP	NaN		
z4-p93	12000	0	NA	Saxifraga tenuis (Wbg.) H. Sm.	Species	unknown	unknown	earliest_occurrence_date	cal yr BP	NaN		
z4-p93	12000	0	NA	Saxifraga nivalis L.	Species	unknown	unknown	earliest_occurrence_date	cal yr BP	NaN		
z3-p92	12000	0	NA	Unknown (not yet coded)	Kingdom	unknown	unknown	earliest_occurrence_date	cal yr BP	NaN		
z3-p92	12000	0	NA	Life	Life	unknown	unknown	earliest_occurrence_date	cal yr BP	NaN		
z3-p92	12000	0	NA	Plantae	Kingdom	unknown	unknown	earliest_occurrence_date	cal yr BP	NaN		
z3-p92	12000	0	NA	Angiosperms	Phylum	unknown	unknown	earliest_occurrence_date	cal yr BP	NaN		
z3-p92	12000	0	NA	Rosales	Order	unknown	unknown	earliest_occurrence_date	cal yr BP	NaN		
z3-p92	12000	0	NA	Rosaceae	Family	unknown	unknown	earliest_occurrence_date	cal yr BP	NaN		
z3-p92	12000	0	NA	Alchemilla	Genus	unknown	unknown	earliest_occurrence_date	cal yr BP	NaN		
z3-p92	12000	0	NA	Alchemilla alpina L.	Species	unknown	unknown	earliest_occurrence_date	cal yr BP	NaN		
z3-p92	12000	0	NA	Fagales	Order	unknown	unknown	earliest_occurrence_date	cal yr BP	NaN		
z3-p92	12000	0	NA	Betulaceae	Family	unknown	unknown	earliest_occurrence_date	cal yr BP	NaN		
z3-p92	12000	0	NA	Betula	Genus	unknown	unknown	earliest_occurrence_date	cal yr BP	NaN		
z3-p92	12000	0	NA	Betula nana L.	Species	unknown	unknown	earliest_occurrence_date	cal yr BP	NaN		
z3-p92	12000	0	NA	Carex bigelowii Torr.	Species	unknown	unknown	earliest_occurrence_date	cal yr BP	NaN		
z3-p92	12000	0	NA	Carex brunescens (Pers.) Poir.	Species	unknown	unknown	earliest_occurrence_date	cal yr BP	NaN		
z3-p92	12000	0	NA	Poales	Order	unknown	unknown	earliest_occurrence_date	cal yr BP	NaN		
z3-p92	12000	0	NA	Cyperaceae	Family	unknown	unknown	earliest_occurrence_date	cal yr BP	NaN		
z3-p92	12000	0	NA	Carex	Genus	unknown	unknown	earliest_occurrence_date	cal yr BP	NaN		
z3-p92	12000	0	NA	Carex capillaris L.	Species	unknown	unknown	earliest_occurrence_date	cal yr BP	NaN		
z3-p92	12000	0	NA	Carex gynocrates Wormsk.	Species	unknown	unknown	earliest_occurrence_date	cal yr BP	NaN		
z3-p92	12000	0	NA	Carex lachenalii Schkuhr.	Species	unknown	unknown	earliest_occurrence_date	cal yr BP	NaN		
z3-p92	12000	0	NA	Carex norvegica L.	Species	unknown	unknown	earliest_occurrence_date	cal yr BP	NaN		
z3-p92	12000	0	NA	Carex rufina Drej.	Species	unknown	unknown	earliest_occurrence_date	cal yr BP	NaN		
z3-p92	12000	0	NA	Chamaenerion latifolium (L.) Th. Fries & Lge.	Species	unknown	unknown	earliest_occurrence_date	cal yr BP	NaN		
z3-p92	12000	0	NA	Brassicales	Order	unknown	unknown	earliest_occurrence_date	cal yr BP	NaN		
z3-p92	12000	0	NA	Brassicaceae	Family	unknown	unknown	earliest_occurrence_date	cal yr BP	NaN		
z3-p92	12000	0	NA	Brassicoideae	Subfamily	unknown	unknown	earliest_occurrence_date	cal yr BP	NaN		
z3-p92	12000	0	NA	Arabideae	Tribe	unknown	unknown	earliest_occurrence_date	cal yr BP	NaN		
z3-p92	12000	0	NA	Draba	Genus	unknown	unknown	earliest_occurrence_date	cal yr BP	NaN		
z3-p92	12000	0	NA	Dryas integrifolia M. Vahl.	Species	unknown	unknown	earliest_occurrence_date	cal yr BP	NaN		
z3-p92	12000	0	NA	Empetrum hermaphroditum (Hagerup) Böch.	Species	unknown	unknown	earliest_occurrence_date	cal yr BP	NaN		
z3-p92	12000	0	NA	Malpighiales	Order	unknown	unknown	earliest_occurrence_date	cal yr BP	NaN		
z3-p92	12000	0	NA	Salicaceae	Family	unknown	unknown	earliest_occurrence_date	cal yr BP	NaN		
z3-p92	12000	0	NA	Salix	Genus	unknown	unknown	earliest_occurrence_date	cal yr BP	NaN		
z3-p92	12000	0	NA	Salix herbacea L.	Species	unknown	unknown	earliest_occurrence_date	cal yr BP	NaN		
z3-p92	12000	0	NA	Ericales	Order	unknown	unknown	earliest_occurrence_date	cal yr BP	NaN		
z3-p92	12000	0	NA	Harrimanella hypnoides (L.) Coville	Species	unknown	unknown	earliest_occurrence_date	cal yr BP	NaN		
z3-p92	12000	0	NA	Lamiales	Order	unknown	unknown	earliest_occurrence_date	cal yr BP	NaN		
z3-p92	12000	0	NA	Hippuris	Genus	unknown	unknown	earliest_occurrence_date	cal yr BP	NaN		
z3-p92	12000	0	NA	Hippuris vulgaris L.	Species	unknown	unknown	earliest_occurrence_date	cal yr BP	NaN		
z3-p92	12000	0	NA	Juncaceae	Family	unknown	unknown	earliest_occurrence_date	cal yr BP	NaN		
z3-p92	12000	0	NA	Juncus	Genus	unknown	unknown	earliest_occurrence_date	cal yr BP	NaN		
z3-p92	12000	0	NA	Pinophyta	Phylum	unknown	unknown	earliest_occurrence_date	cal yr BP	NaN		
z3-p92	12000	0	NA	Pinopsida	Class	unknown	unknown	earliest_occurrence_date	cal yr BP	NaN		
z3-p92	12000	0	NA	Cupressales	Order	unknown	unknown	earliest_occurrence_date	cal yr BP	NaN		
z3-p92	12000	0	NA	Cupressaceae	Family	unknown	unknown	earliest_occurrence_date	cal yr BP	NaN		
z3-p92	12000	0	NA	Juniperus	Genus	unknown	unknown	earliest_occurrence_date	cal yr BP	NaN		
z3-p92	12000	0	NA	Juniperus communis L.	Species	unknown	unknown	earliest_occurrence_date	cal yr BP	NaN		
z3-p92	12000	0	NA	Luzula	Genus	unknown	unknown	earliest_occurrence_date	cal yr BP	NaN		
z3-p92	12000	0	NA	Minuratia rubella (Wbg.) Hiern.	Species	unknown	unknown	earliest_occurrence_date	cal yr BP	NaN		
z3-p92	12000	0	NA	Phippsia algida (Sol.) R. Br.	Species	unknown	unknown	earliest_occurrence_date	cal yr BP	NaN		
z3-p92	12000	0	NA	Phyllodoce	Genus	unknown	unknown	earliest_occurrence_date	cal yr BP	NaN		
z3-p92	12000	0	NA	Poaceae	Family	unknown	unknown	earliest_occurrence_date	cal yr BP	NaN		
z3-p92	12000	0	NA	Poa	Genus	unknown	unknown	earliest_occurrence_date	cal yr BP	NaN		
z3-p92	12000	0	NA	Alismatales	Order	unknown	unknown	earliest_occurrence_date	cal yr BP	NaN		
z3-p92	12000	0	NA	Potamogetonaceae	Family	unknown	unknown	earliest_occurrence_date	cal yr BP	NaN		
z3-p92	12000	0	NA	Potamogeton	Genus	unknown	unknown	earliest_occurrence_date	cal yr BP	NaN		
z3-p92	12000	0	NA	Potamogeton pusillus L.	Species	unknown	unknown	earliest_occurrence_date	cal yr BP	NaN		
z3-p92	12000	0	NA	Potentilla	Genus	unknown	unknown	earliest_occurrence_date	cal yr BP	NaN		
z3-p92	12000	0	NA	Ranunculus confervoides (Fr.) Asch. & Graebn.	Species	unknown	unknown	earliest_occurrence_date	cal yr BP	NaN		
z3-p92	12000	0	NA	Ranunculales	Order	unknown	unknown	earliest_occurrence_date	cal yr BP	NaN		
z3-p92	12000	0	NA	Ranunculaceae	Family	unknown	unknown	earliest_occurrence_date	cal yr BP	NaN		
z3-p92	12000	0	NA	Ranunculus	Genus	unknown	unknown	earliest_occurrence_date	cal yr BP	NaN		
z3-p92	12000	0	NA	Ranunculus hyperboreus Rottb.	Species	unknown	unknown	earliest_occurrence_date	cal yr BP	NaN		
z3-p92	12000	0	NA	Caryophyllales	Order	unknown	unknown	earliest_occurrence_date	cal yr BP	NaN		
z3-p92	12000	0	NA	Caryophyllaceae	Family	unknown	unknown	earliest_occurrence_date	cal yr BP	NaN		
z3-p92	12000	0	NA	Silene	Genus	unknown	unknown	earliest_occurrence_date	cal yr BP	NaN		
z3-p92	12000	0	NA	Silene acaulis (L.) Jacq.	Species	unknown	unknown	earliest_occurrence_date	cal yr BP	NaN		
z3-p92	12000	0	NA	Ericaceae	Family	unknown	unknown	earliest_occurrence_date	cal yr BP	NaN		
z3-p92	12000	0	NA	Vaccinioideae	Subfamily	unknown	unknown	earliest_occurrence_date	cal yr BP	NaN		
z3-p92	12000	0	NA	Vaccinium	Genus	unknown	unknown	earliest_occurrence_date	cal yr BP	NaN		
z3-p92	12000	0	NA	Vaccinium uliginosum L.	Species	unknown	unknown	earliest_occurrence_date	cal yr BP	NaN		
z3-p92	12000	0	NA	Alnus	Genus	unknown	unknown	earliest_occurrence_date	cal yr BP	NaN		
z3-p92	12000	0	NA	Asterales	Order	unknown	unknown	earliest_occurrence_date	cal yr BP	NaN		
z3-p92	12000	0	NA	Asteraceae	Family	unknown	unknown	earliest_occurrence_date	cal yr BP	NaN		
z3-p92	12000	0	NA	Asteroideae	Subfamily	unknown	unknown	earliest_occurrence_date	cal yr BP	NaN		
z3-p92	12000	0	NA	Anthemideae	Tribe	unknown	unknown	earliest_occurrence_date	cal yr BP	NaN		
z3-p92	12000	0	NA	Artemisia	Genus	unknown	unknown	earliest_occurrence_date	cal yr BP	NaN		
z3-p92	12000	0	NA	Polypodiophyta	Phylum	unknown	unknown	earliest_occurrence_date	cal yr BP	NaN		
z3-p92	12000	0	NA	Polypodiopsida	Class	unknown	unknown	earliest_occurrence_date	cal yr BP	NaN		
z3-p92	12000	0	NA	Ophioglossales	Order	unknown	unknown	earliest_occurrence_date	cal yr BP	NaN		
z3-p92	12000	0	NA	Ophioglossaceae	Family	unknown	unknown	earliest_occurrence_date	cal yr BP	NaN		
z3-p92	12000	0	NA	Botrychioideae	Subfamily	unknown	unknown	earliest_occurrence_date	cal yr BP	NaN		
z3-p92	12000	0	NA	Botrychium	Genus	unknown	unknown	earliest_occurrence_date	cal yr BP	NaN		
z3-p92	12000	0	NA	Campanulaceae	Family	unknown	unknown	earliest_occurrence_date	cal yr BP	NaN		
z3-p92	12000	0	NA	Campanula	Genus	unknown	unknown	earliest_occurrence_date	cal yr BP	NaN		
z3-p92	12000	0	NA	Stellaria longipes Goldie	Species	unknown	unknown	earliest_occurrence_date	cal yr BP	NaN		
z3-p92	12000	0	NA	Cerastium fontanum Baumg.	Species	unknown	unknown	earliest_occurrence_date	cal yr BP	NaN		
z3-p92	12000	0	NA	Cerastium alpinum L.	Species	unknown	unknown	earliest_occurrence_date	cal yr BP	NaN		
z3-p92	12000	0	NA	Dryas	Genus	unknown	unknown	earliest_occurrence_date	cal yr BP	NaN		
z3-p92	12000	0	NA	Polypodiales	Order	unknown	unknown	earliest_occurrence_date	cal yr BP	NaN		
z3-p92	12000	0	NA	Polypodiaceae	Family	unknown	unknown	earliest_occurrence_date	cal yr BP	NaN		
z3-p92	12000	0	NA	Orobanchaceae	Family	unknown	unknown	earliest_occurrence_date	cal yr BP	NaN		
z3-p92	12000	0	NA	Rhinanthus	Genus	unknown	unknown	earliest_occurrence_date	cal yr BP	NaN		
z3-p92	12000	0	NA	Euphrasia	Genus	unknown	unknown	earliest_occurrence_date	cal yr BP	NaN		
z3-p92	12000	0	NA	Bartsia	Genus	unknown	unknown	earliest_occurrence_date	cal yr BP	NaN		
z3-p92	12000	0	NA	Gentianales	Order	unknown	unknown	earliest_occurrence_date	cal yr BP	NaN		
z3-p92	12000	0	NA	Rubiaceae	Family	unknown	unknown	earliest_occurrence_date	cal yr BP	NaN		
z3-p92	12000	0	NA	Galium	Genus	unknown	unknown	earliest_occurrence_date	cal yr BP	NaN		
z3-p92	12000	0	NA	Gymnocarpium dryopteris (L.) Newman	Species	unknown	unknown	earliest_occurrence_date	cal yr BP	NaN		
z3-p92	12000	0	NA	Lycopodiophyta	Phylum	unknown	unknown	earliest_occurrence_date	cal yr BP	NaN		
z3-p92	12000	0	NA	Lycopodiopsida	Class	unknown	unknown	earliest_occurrence_date	cal yr BP	NaN		
z3-p92	12000	0	NA	Lycopodiales	Order	unknown	unknown	earliest_occurrence_date	cal yr BP	NaN		
z3-p92	12000	0	NA	Lycopodiaceae	Family	unknown	unknown	earliest_occurrence_date	cal yr BP	NaN		
z3-p92	12000	0	NA	Lycopodioideae	Subfamily	unknown	unknown	earliest_occurrence_date	cal yr BP	NaN		
z3-p92	12000	0	NA	Lycopodium	Genus	unknown	unknown	earliest_occurrence_date	cal yr BP	NaN		
z3-p92	12000	0	NA	Lycopodium clavatum L.	Species	unknown	unknown	earliest_occurrence_date	cal yr BP	NaN		
z3-p92	12000	0	NA	Sibbaldia procumbens L.	Species	unknown	unknown	earliest_occurrence_date	cal yr BP	NaN		
z3-p92	12000	0	NA	Comarum	Genus	unknown	unknown	earliest_occurrence_date	cal yr BP	NaN		
z3-p92	12000	0	NA	Comarum palustre L.	Species	unknown	unknown	earliest_occurrence_date	cal yr BP	NaN		
z3-p92	12000	0	NA	Potentilla hyparctica Malte	Species	unknown	unknown	earliest_occurrence_date	cal yr BP	NaN		
z3-p92	12000	0	NA	Potentilla nivea L.	Species	unknown	unknown	earliest_occurrence_date	cal yr BP	NaN		
z3-p92	12000	0	NA	Potentilla hookeriana Lehm.	Species	unknown	unknown	earliest_occurrence_date	cal yr BP	NaN		
z3-p92	12000	0	NA	Polygonaceae	Family	unknown	unknown	earliest_occurrence_date	cal yr BP	NaN		
z3-p92	12000	0	NA	Rumex	Genus	unknown	unknown	earliest_occurrence_date	cal yr BP	NaN		
z3-p92	12000	0	NA	Rumex acetosella L.	Species	unknown	unknown	earliest_occurrence_date	cal yr BP	NaN		
z3-p92	12000	0	NA	Saxifraga paniculata Mill.	Species	unknown	unknown	earliest_occurrence_date	cal yr BP	NaN		
z3-p92	12000	0	NA	Saxifraga aizoides L.	Species	unknown	unknown	earliest_occurrence_date	cal yr BP	NaN		
z3-p92	12000	0	NA	Saxifraga tricuspidata Rottb.	Species	unknown	unknown	earliest_occurrence_date	cal yr BP	NaN		
z3-p92	12000	0	NA	Saxifragales	Order	unknown	unknown	earliest_occurrence_date	cal yr BP	NaN		
z3-p92	12000	0	NA	Saxifragaceae	Family	unknown	unknown	earliest_occurrence_date	cal yr BP	NaN		
z3-p92	12000	0	NA	Saxifraga	Genus	unknown	unknown	earliest_occurrence_date	cal yr BP	NaN		
z3-p92	12000	0	NA	Saxifraga oppositifolia L.	Species	unknown	unknown	earliest_occurrence_date	cal yr BP	NaN		
z3-p92	12000	0	NA	Thalictrum	Genus	unknown	unknown	earliest_occurrence_date	cal yr BP	NaN		
z3-p92	12000	0	NA	Thalictrum alpinum L.	Species	unknown	unknown	earliest_occurrence_date	cal yr BP	NaN		
z3-p92	12000	0	NA	Tofieldiaceae	Family	unknown	unknown	earliest_occurrence_date	cal yr BP	NaN		
z3-p92	12000	0	NA	Tofieldia	Genus	unknown	unknown	earliest_occurrence_date	cal yr BP	NaN		
z3-p92	12000	0	NA	Arctostaphylos alpina (L.) Spreng.	Species	unknown	unknown	earliest_occurrence_date	cal yr BP	NaN		
z3-p92	12000	0	NA	Cassiopoideae	Subfamily	unknown	unknown	earliest_occurrence_date	cal yr BP	NaN		
z3-p92	12000	0	NA	Cassiope	Genus	unknown	unknown	earliest_occurrence_date	cal yr BP	NaN		
z3-p92	12000	0	NA	Cassiope tetragona (L.) D.Don	Species	unknown	unknown	earliest_occurrence_date	cal yr BP	NaN		
z3-p92	12000	0	NA	Myrtales	Order	unknown	unknown	earliest_occurrence_date	cal yr BP	NaN		
z3-p92	12000	0	NA	Onagraceae	Family	unknown	unknown	earliest_occurrence_date	cal yr BP	NaN		
z3-p92	12000	0	NA	Chamaenerion	Genus	unknown	unknown	earliest_occurrence_date	cal yr BP	NaN		
z3-p92	12000	0	NA	Cruciferae	Family	unknown	unknown	earliest_occurrence_date	cal yr BP	NaN		
z3-p92	12000	0	NA	Empetrum nigrum (Hagerup) Böch.	Species	unknown	unknown	earliest_occurrence_date	cal yr BP	NaN		
z3-p92	12000	0	NA	Gramineae	Genus	unknown	unknown	earliest_occurrence_date	cal yr BP	NaN		
z3-p92	12000	0	NA	Huperzia selago (L.) Bernh. ex Schrank. & Mart.	Species	unknown	unknown	earliest_occurrence_date	cal yr BP	NaN		
z3-p92	12000	0	NA	Koenigia	Genus	unknown	unknown	earliest_occurrence_date	cal yr BP	NaN		
z3-p92	12000	0	NA	Koenigia islandica L.	Species	unknown	unknown	earliest_occurrence_date	cal yr BP	NaN		
z3-p92	12000	0	NA	Liguiflorae	Family	unknown	unknown	earliest_occurrence_date	cal yr BP	NaN		
z3-p92	12000	0	NA	Problematic (Placeholder)	Kingdom	unknown	unknown	earliest_occurrence_date	cal yr BP	NaN		
z3-p92	12000	0	NA	Oxyria	Genus	unknown	unknown	earliest_occurrence_date	cal yr BP	NaN		
z3-p92	12000	0	NA	Pedicuralis	Genus	unknown	unknown	earliest_occurrence_date	cal yr BP	NaN		
z3-p92	12000	0	NA	Phyllodoce corerulea (L.) Bab.	Species	unknown	unknown	earliest_occurrence_date	cal yr BP	NaN		
z3-p92	12000	0	NA	Polygonum viviparum L.	Species	unknown	unknown	earliest_occurrence_date	cal yr BP	NaN		
z3-p92	12000	0	NA	Rhododendron lapponicum (L.) Wbg.	Species	unknown	unknown	earliest_occurrence_date	cal yr BP	NaN		
z3-p92	12000	0	NA	Saxifraga hieraciifolia W. & K.	Species	unknown	unknown	earliest_occurrence_date	cal yr BP	NaN		
z3-p92	12000	0	NA	Saxifraga tenuis (Wbg.) H. Sm.	Species	unknown	unknown	earliest_occurrence_date	cal yr BP	NaN		
z3-p92	12000	0	NA	Saxifraga nivalis L.	Species	unknown	unknown	earliest_occurrence_date	cal yr BP	NaN		
z4-p82	12000	0	NA	Unknown (not yet coded)	Kingdom	unknown	unknown	earliest_occurrence_date	cal yr BP	NaN		
z4-p82	12000	0	NA	Life	Life	unknown	unknown	earliest_occurrence_date	cal yr BP	10188.15		
z4-p82	12000	0	NA	Plantae	Kingdom	unknown	unknown	earliest_occurrence_date	cal yr BP	10188.15		
z4-p82	12000	0	NA	Angiosperms	Phylum	unknown	unknown	earliest_occurrence_date	cal yr BP	10188.15		
z4-p82	12000	0	NA	Rosales	Order	unknown	unknown	earliest_occurrence_date	cal yr BP	6524.7		
z4-p82	12000	0	NA	Rosaceae	Family	unknown	unknown	earliest_occurrence_date	cal yr BP	6524.7		
z4-p82	12000	0	NA	Alchemilla	Genus	unknown	unknown	earliest_occurrence_date	cal yr BP	4992.58		
z4-p82	12000	0	NA	Alchemilla alpina L.	Species	unknown	unknown	earliest_occurrence_date	cal yr BP	4992.58		
z4-p82	12000	0	NA	Fagales	Order	unknown	unknown	earliest_occurrence_date	cal yr BP	5426.45		
z4-p82	12000	0	NA	Betulaceae	Family	unknown	unknown	earliest_occurrence_date	cal yr BP	5426.45		
z4-p82	12000	0	NA	Betula	Genus	unknown	unknown	earliest_occurrence_date	cal yr BP	5426.45		
z4-p82	12000	0	NA	Betula nana L.	Species	unknown	unknown	earliest_occurrence_date	cal yr BP	5426.45		
z4-p82	12000	0	NA	Carex bigelowii Torr.	Species	unknown	unknown	earliest_occurrence_date	cal yr BP	9974.8		
z4-p82	12000	0	NA	Carex brunescens (Pers.) Poir.	Species	unknown	unknown	earliest_occurrence_date	cal yr BP	7318.02		
z4-p82	12000	0	NA	Poales	Order	unknown	unknown	earliest_occurrence_date	cal yr BP	10081.42		
z4-p82	12000	0	NA	Cyperaceae	Family	unknown	unknown	earliest_occurrence_date	cal yr BP	10081.42		
z4-p82	12000	0	NA	Carex	Genus	unknown	unknown	earliest_occurrence_date	cal yr BP	10081.42		
z4-p82	12000	0	NA	Carex capillaris L.	Species	unknown	unknown	earliest_occurrence_date	cal yr BP	6927.44		
z4-p82	12000	0	NA	Carex gynocrates Wormsk.	Species	unknown	unknown	earliest_occurrence_date	cal yr BP	7318.02		
z4-p82	12000	0	NA	Carex lachenalii Schkuhr.	Species	unknown	unknown	earliest_occurrence_date	cal yr BP	9868.220000000001		
z4-p82	12000	0	NA	Carex norvegica L.	Species	unknown	unknown	earliest_occurrence_date	cal yr BP	9868.220000000001		
z4-p82	12000	0	NA	Carex rufina Drej.	Species	unknown	unknown	earliest_occurrence_date	cal yr BP	9868.220000000001		
z4-p82	12000	0	NA	Chamaenerion latifolium (L.) Th. Fries & Lge.	Species	unknown	unknown	earliest_occurrence_date	cal yr BP	5426.45		
z4-p82	12000	0	NA	Brassicales	Order	unknown	unknown	earliest_occurrence_date	cal yr BP	8696.25		
z4-p82	12000	0	NA	Brassicaceae	Family	unknown	unknown	earliest_occurrence_date	cal yr BP	8696.25		
z4-p82	12000	0	NA	Brassicoideae	Subfamily	unknown	unknown	earliest_occurrence_date	cal yr BP	8696.25		
z4-p82	12000	0	NA	Arabideae	Tribe	unknown	unknown	earliest_occurrence_date	cal yr BP	8696.25		
z4-p82	12000	0	NA	Draba	Genus	unknown	unknown	earliest_occurrence_date	cal yr BP	8696.25		
z4-p82	12000	0	NA	Dryas integrifolia M. Vahl.	Species	unknown	unknown	earliest_occurrence_date	cal yr BP	NaN		
z4-p82	12000	0	NA	Empetrum hermaphroditum (Hagerup) Böch.	Species	unknown	unknown	earliest_occurrence_date	cal yr BP	NaN		
z4-p82	12000	0	NA	Malpighiales	Order	unknown	unknown	earliest_occurrence_date	cal yr BP	NaN		
z4-p82	12000	0	NA	Salicaceae	Family	unknown	unknown	earliest_occurrence_date	cal yr BP	NaN		
z4-p82	12000	0	NA	Salix	Genus	unknown	unknown	earliest_occurrence_date	cal yr BP	NaN		
z4-p82	12000	0	NA	Salix herbacea L.	Species	unknown	unknown	earliest_occurrence_date	cal yr BP	NaN		
z4-p82	12000	0	NA	Ericales	Order	unknown	unknown	earliest_occurrence_date	cal yr BP	NaN		
z4-p82	12000	0	NA	Harrimanella hypnoides (L.) Coville	Species	unknown	unknown	earliest_occurrence_date	cal yr BP	NaN		
z4-p82	12000	0	NA	Lamiales	Order	unknown	unknown	earliest_occurrence_date	cal yr BP	9868.220000000001		
z4-p82	12000	0	NA	Hippuris	Genus	unknown	unknown	earliest_occurrence_date	cal yr BP	9868.220000000001		
z4-p82	12000	0	NA	Hippuris vulgaris L.	Species	unknown	unknown	earliest_occurrence_date	cal yr BP	9868.220000000001		
z4-p82	12000	0	NA	Juncaceae	Family	unknown	unknown	earliest_occurrence_date	cal yr BP	9609.34		
z4-p82	12000	0	NA	Juncus	Genus	unknown	unknown	earliest_occurrence_date	cal yr BP	9609.34		
z4-p82	12000	0	NA	Pinophyta	Phylum	unknown	unknown	earliest_occurrence_date	cal yr BP	8101.94		
z4-p82	12000	0	NA	Pinopsida	Class	unknown	unknown	earliest_occurrence_date	cal yr BP	8101.94		
z4-p82	12000	0	NA	Cupressales	Order	unknown	unknown	earliest_occurrence_date	cal yr BP	8101.94		
z4-p82	12000	0	NA	Cupressaceae	Family	unknown	unknown	earliest_occurrence_date	cal yr BP	8101.94		
z4-p82	12000	0	NA	Juniperus	Genus	unknown	unknown	earliest_occurrence_date	cal yr BP	8101.94		
z4-p82	12000	0	NA	Juniperus communis L.	Species	unknown	unknown	earliest_occurrence_date	cal yr BP	8101.94		
z4-p82	12000	0	NA	Luzula	Genus	unknown	unknown	earliest_occurrence_date	cal yr BP	8215.630000000001		
z4-p82	12000	0	NA	Minuratia rubella (Wbg.) Hiern.	Species	unknown	unknown	earliest_occurrence_date	cal yr BP	10188.15		
z4-p82	12000	0	NA	Phippsia algida (Sol.) R. Br.	Species	unknown	unknown	earliest_occurrence_date	cal yr BP	7505.12		
z4-p82	12000	0	NA	Phyllodoce	Genus	unknown	unknown	earliest_occurrence_date	cal yr BP	NaN		
z4-p82	12000	0	NA	Poaceae	Family	unknown	unknown	earliest_occurrence_date	cal yr BP	7505.12		
z4-p82	12000	0	NA	Poa	Genus	unknown	unknown	earliest_occurrence_date	cal yr BP	7505.12		
z4-p82	12000	0	NA	Alismatales	Order	unknown	unknown	earliest_occurrence_date	cal yr BP	NaN		
z4-p82	12000	0	NA	Potamogetonaceae	Family	unknown	unknown	earliest_occurrence_date	cal yr BP	NaN		
z4-p82	12000	0	NA	Potamogeton	Genus	unknown	unknown	earliest_occurrence_date	cal yr BP	NaN		
z4-p82	12000	0	NA	Potamogeton pusillus L.	Species	unknown	unknown	earliest_occurrence_date	cal yr BP	NaN		
z4-p82	12000	0	NA	Potentilla	Genus	unknown	unknown	earliest_occurrence_date	cal yr BP	6524.7		
z4-p82	12000	0	NA	Ranunculus confervoides (Fr.) Asch. & Graebn.	Species	unknown	unknown	earliest_occurrence_date	cal yr BP	9868.220000000001		
z4-p82	12000	0	NA	Ranunculales	Order	unknown	unknown	earliest_occurrence_date	cal yr BP	9609.34		
z4-p82	12000	0	NA	Ranunculaceae	Family	unknown	unknown	earliest_occurrence_date	cal yr BP	9609.34		
z4-p82	12000	0	NA	Ranunculus	Genus	unknown	unknown	earliest_occurrence_date	cal yr BP	9609.34		
z4-p82	12000	0	NA	Ranunculus hyperboreus Rottb.	Species	unknown	unknown	earliest_occurrence_date	cal yr BP	9609.34		
z4-p82	12000	0	NA	Caryophyllales	Order	unknown	unknown	earliest_occurrence_date	cal yr BP	10188.15		
z4-p82	12000	0	NA	Caryophyllaceae	Family	unknown	unknown	earliest_occurrence_date	cal yr BP	10188.15		
z4-p82	12000	0	NA	Silene	Genus	unknown	unknown	earliest_occurrence_date	cal yr BP	10188.15		
z4-p82	12000	0	NA	Silene acaulis (L.) Jacq.	Species	unknown	unknown	earliest_occurrence_date	cal yr BP	10188.15		
z4-p82	12000	0	NA	Ericaceae	Family	unknown	unknown	earliest_occurrence_date	cal yr BP	NaN		
z4-p82	12000	0	NA	Vaccinioideae	Subfamily	unknown	unknown	earliest_occurrence_date	cal yr BP	NaN		
z4-p82	12000	0	NA	Vaccinium	Genus	unknown	unknown	earliest_occurrence_date	cal yr BP	NaN		
z4-p82	12000	0	NA	Vaccinium uliginosum L.	Species	unknown	unknown	earliest_occurrence_date	cal yr BP	NaN		
z4-p82	12000	0	NA	Alnus	Genus	unknown	unknown	earliest_occurrence_date	cal yr BP	NaN		
z4-p82	12000	0	NA	Asterales	Order	unknown	unknown	earliest_occurrence_date	cal yr BP	NaN		
z4-p82	12000	0	NA	Asteraceae	Family	unknown	unknown	earliest_occurrence_date	cal yr BP	NaN		
z4-p82	12000	0	NA	Asteroideae	Subfamily	unknown	unknown	earliest_occurrence_date	cal yr BP	NaN		
z4-p82	12000	0	NA	Anthemideae	Tribe	unknown	unknown	earliest_occurrence_date	cal yr BP	NaN		
z4-p82	12000	0	NA	Artemisia	Genus	unknown	unknown	earliest_occurrence_date	cal yr BP	NaN		
z4-p82	12000	0	NA	Polypodiophyta	Phylum	unknown	unknown	earliest_occurrence_date	cal yr BP	NaN		
z4-p82	12000	0	NA	Polypodiopsida	Class	unknown	unknown	earliest_occurrence_date	cal yr BP	NaN		
z4-p82	12000	0	NA	Ophioglossales	Order	unknown	unknown	earliest_occurrence_date	cal yr BP	NaN		
z4-p82	12000	0	NA	Ophioglossaceae	Family	unknown	unknown	earliest_occurrence_date	cal yr BP	NaN		
z4-p82	12000	0	NA	Botrychioideae	Subfamily	unknown	unknown	earliest_occurrence_date	cal yr BP	NaN		
z4-p82	12000	0	NA	Botrychium	Genus	unknown	unknown	earliest_occurrence_date	cal yr BP	NaN		
z4-p82	12000	0	NA	Campanulaceae	Family	unknown	unknown	earliest_occurrence_date	cal yr BP	NaN		
z4-p82	12000	0	NA	Campanula	Genus	unknown	unknown	earliest_occurrence_date	cal yr BP	NaN		
z4-p82	12000	0	NA	Stellaria longipes Goldie	Species	unknown	unknown	earliest_occurrence_date	cal yr BP	NaN		
z4-p82	12000	0	NA	Cerastium fontanum Baumg.	Species	unknown	unknown	earliest_occurrence_date	cal yr BP	NaN		
z4-p82	12000	0	NA	Cerastium alpinum L.	Species	unknown	unknown	earliest_occurrence_date	cal yr BP	NaN		
z4-p82	12000	0	NA	Dryas	Genus	unknown	unknown	earliest_occurrence_date	cal yr BP	NaN		
z4-p82	12000	0	NA	Polypodiales	Order	unknown	unknown	earliest_occurrence_date	cal yr BP	NaN		
z4-p82	12000	0	NA	Polypodiaceae	Family	unknown	unknown	earliest_occurrence_date	cal yr BP	NaN		
z4-p82	12000	0	NA	Orobanchaceae	Family	unknown	unknown	earliest_occurrence_date	cal yr BP	NaN		
z4-p82	12000	0	NA	Rhinanthus	Genus	unknown	unknown	earliest_occurrence_date	cal yr BP	NaN		
z4-p82	12000	0	NA	Euphrasia	Genus	unknown	unknown	earliest_occurrence_date	cal yr BP	NaN		
z4-p82	12000	0	NA	Bartsia	Genus	unknown	unknown	earliest_occurrence_date	cal yr BP	NaN		
z4-p82	12000	0	NA	Gentianales	Order	unknown	unknown	earliest_occurrence_date	cal yr BP	NaN		
z4-p82	12000	0	NA	Rubiaceae	Family	unknown	unknown	earliest_occurrence_date	cal yr BP	NaN		
z4-p82	12000	0	NA	Galium	Genus	unknown	unknown	earliest_occurrence_date	cal yr BP	NaN		
z4-p82	12000	0	NA	Gymnocarpium dryopteris (L.) Newman	Species	unknown	unknown	earliest_occurrence_date	cal yr BP	NaN		
z4-p82	12000	0	NA	Lycopodiophyta	Phylum	unknown	unknown	earliest_occurrence_date	cal yr BP	NaN		
z4-p82	12000	0	NA	Lycopodiopsida	Class	unknown	unknown	earliest_occurrence_date	cal yr BP	NaN		
z4-p82	12000	0	NA	Lycopodiales	Order	unknown	unknown	earliest_occurrence_date	cal yr BP	NaN		
z4-p82	12000	0	NA	Lycopodiaceae	Family	unknown	unknown	earliest_occurrence_date	cal yr BP	NaN		
z4-p82	12000	0	NA	Lycopodioideae	Subfamily	unknown	unknown	earliest_occurrence_date	cal yr BP	NaN		
z4-p82	12000	0	NA	Lycopodium	Genus	unknown	unknown	earliest_occurrence_date	cal yr BP	NaN		
z4-p82	12000	0	NA	Lycopodium clavatum L.	Species	unknown	unknown	earliest_occurrence_date	cal yr BP	NaN		
z4-p82	12000	0	NA	Sibbaldia procumbens L.	Species	unknown	unknown	earliest_occurrence_date	cal yr BP	NaN		
z4-p82	12000	0	NA	Comarum	Genus	unknown	unknown	earliest_occurrence_date	cal yr BP	NaN		
z4-p82	12000	0	NA	Comarum palustre L.	Species	unknown	unknown	earliest_occurrence_date	cal yr BP	NaN		
z4-p82	12000	0	NA	Potentilla hyparctica Malte	Species	unknown	unknown	earliest_occurrence_date	cal yr BP	NaN		
z4-p82	12000	0	NA	Potentilla nivea L.	Species	unknown	unknown	earliest_occurrence_date	cal yr BP	NaN		
z4-p82	12000	0	NA	Potentilla hookeriana Lehm.	Species	unknown	unknown	earliest_occurrence_date	cal yr BP	NaN		
z4-p82	12000	0	NA	Polygonaceae	Family	unknown	unknown	earliest_occurrence_date	cal yr BP	NaN		
z4-p82	12000	0	NA	Rumex	Genus	unknown	unknown	earliest_occurrence_date	cal yr BP	NaN		
z4-p82	12000	0	NA	Rumex acetosella L.	Species	unknown	unknown	earliest_occurrence_date	cal yr BP	NaN		
z4-p82	12000	0	NA	Saxifraga paniculata Mill.	Species	unknown	unknown	earliest_occurrence_date	cal yr BP	NaN		
z4-p82	12000	0	NA	Saxifraga aizoides L.	Species	unknown	unknown	earliest_occurrence_date	cal yr BP	NaN		
z4-p82	12000	0	NA	Saxifraga tricuspidata Rottb.	Species	unknown	unknown	earliest_occurrence_date	cal yr BP	NaN		
z4-p82	12000	0	NA	Saxifragales	Order	unknown	unknown	earliest_occurrence_date	cal yr BP	NaN		
z4-p82	12000	0	NA	Saxifragaceae	Family	unknown	unknown	earliest_occurrence_date	cal yr BP	NaN		
z4-p82	12000	0	NA	Saxifraga	Genus	unknown	unknown	earliest_occurrence_date	cal yr BP	NaN		
z4-p82	12000	0	NA	Saxifraga oppositifolia L.	Species	unknown	unknown	earliest_occurrence_date	cal yr BP	NaN		
z4-p82	12000	0	NA	Thalictrum	Genus	unknown	unknown	earliest_occurrence_date	cal yr BP	NaN		
z4-p82	12000	0	NA	Thalictrum alpinum L.	Species	unknown	unknown	earliest_occurrence_date	cal yr BP	NaN		
z4-p82	12000	0	NA	Tofieldiaceae	Family	unknown	unknown	earliest_occurrence_date	cal yr BP	NaN		
z4-p82	12000	0	NA	Tofieldia	Genus	unknown	unknown	earliest_occurrence_date	cal yr BP	NaN		
z4-p82	12000	0	NA	Arctostaphylos alpina (L.) Spreng.	Species	unknown	unknown	earliest_occurrence_date	cal yr BP	NaN		
z4-p82	12000	0	NA	Cassiopoideae	Subfamily	unknown	unknown	earliest_occurrence_date	cal yr BP	NaN		
z4-p82	12000	0	NA	Cassiope	Genus	unknown	unknown	earliest_occurrence_date	cal yr BP	NaN		
z4-p82	12000	0	NA	Cassiope tetragona (L.) D.Don	Species	unknown	unknown	earliest_occurrence_date	cal yr BP	NaN		
z4-p82	12000	0	NA	Myrtales	Order	unknown	unknown	earliest_occurrence_date	cal yr BP	NaN		
z4-p82	12000	0	NA	Onagraceae	Family	unknown	unknown	earliest_occurrence_date	cal yr BP	NaN		
z4-p82	12000	0	NA	Chamaenerion	Genus	unknown	unknown	earliest_occurrence_date	cal yr BP	NaN		
z4-p82	12000	0	NA	Cruciferae	Family	unknown	unknown	earliest_occurrence_date	cal yr BP	NaN		
z4-p82	12000	0	NA	Empetrum nigrum (Hagerup) Böch.	Species	unknown	unknown	earliest_occurrence_date	cal yr BP	NaN		
z4-p82	12000	0	NA	Gramineae	Genus	unknown	unknown	earliest_occurrence_date	cal yr BP	NaN		
z4-p82	12000	0	NA	Huperzia selago (L.) Bernh. ex Schrank. & Mart.	Species	unknown	unknown	earliest_occurrence_date	cal yr BP	NaN		
z4-p82	12000	0	NA	Koenigia	Genus	unknown	unknown	earliest_occurrence_date	cal yr BP	NaN		
z4-p82	12000	0	NA	Koenigia islandica L.	Species	unknown	unknown	earliest_occurrence_date	cal yr BP	NaN		
z4-p82	12000	0	NA	Liguiflorae	Family	unknown	unknown	earliest_occurrence_date	cal yr BP	NaN		
z4-p82	12000	0	NA	Problematic (Placeholder)	Kingdom	unknown	unknown	earliest_occurrence_date	cal yr BP	NaN		
z4-p82	12000	0	NA	Oxyria	Genus	unknown	unknown	earliest_occurrence_date	cal yr BP	NaN		
z4-p82	12000	0	NA	Pedicuralis	Genus	unknown	unknown	earliest_occurrence_date	cal yr BP	NaN		
z4-p82	12000	0	NA	Phyllodoce corerulea (L.) Bab.	Species	unknown	unknown	earliest_occurrence_date	cal yr BP	NaN		
z4-p82	12000	0	NA	Polygonum viviparum L.	Species	unknown	unknown	earliest_occurrence_date	cal yr BP	NaN		
z4-p82	12000	0	NA	Rhododendron lapponicum (L.) Wbg.	Species	unknown	unknown	earliest_occurrence_date	cal yr BP	NaN		
z4-p82	12000	0	NA	Saxifraga hieraciifolia W. & K.	Species	unknown	unknown	earliest_occurrence_date	cal yr BP	NaN		
z4-p82	12000	0	NA	Saxifraga tenuis (Wbg.) H. Sm.	Species	unknown	unknown	earliest_occurrence_date	cal yr BP	NaN		
z4-p82	12000	0	NA	Saxifraga nivalis L.	Species	unknown	unknown	earliest_occurrence_date	cal yr BP	NaN		
z5-p83	12000	0	NA	Unknown (not yet coded)	Kingdom	unknown	unknown	earliest_occurrence_date	cal yr BP	NaN		
z5-p83	12000	0	NA	Life	Life	unknown	unknown	earliest_occurrence_date	cal yr BP	10253		
z5-p83	12000	0	NA	Plantae	Kingdom	unknown	unknown	earliest_occurrence_date	cal yr BP	10253		
z5-p83	12000	0	NA	Angiosperms	Phylum	unknown	unknown	earliest_occurrence_date	cal yr BP	10253		
z5-p83	12000	0	NA	Rosales	Order	unknown	unknown	earliest_occurrence_date	cal yr BP	10032.5		
z5-p83	12000	0	NA	Rosaceae	Family	unknown	unknown	earliest_occurrence_date	cal yr BP	10032.5		
z5-p83	12000	0	NA	Alchemilla	Genus	unknown	unknown	earliest_occurrence_date	cal yr BP	NaN		
z5-p83	12000	0	NA	Alchemilla alpina L.	Species	unknown	unknown	earliest_occurrence_date	cal yr BP	NaN		
z5-p83	12000	0	NA	Fagales	Order	unknown	unknown	earliest_occurrence_date	cal yr BP	10253		
z5-p83	12000	0	NA	Betulaceae	Family	unknown	unknown	earliest_occurrence_date	cal yr BP	10253		
z5-p83	12000	0	NA	Betula	Genus	unknown	unknown	earliest_occurrence_date	cal yr BP	10253		
z5-p83	12000	0	NA	Betula nana L.	Species	unknown	unknown	earliest_occurrence_date	cal yr BP	NaN		
z5-p83	12000	0	NA	Carex bigelowii Torr.	Species	unknown	unknown	earliest_occurrence_date	cal yr BP	NaN		
z5-p83	12000	0	NA	Carex brunescens (Pers.) Poir.	Species	unknown	unknown	earliest_occurrence_date	cal yr BP	NaN		
z5-p83	12000	0	NA	Poales	Order	unknown	unknown	earliest_occurrence_date	cal yr BP	NaN		
z5-p83	12000	0	NA	Cyperaceae	Family	unknown	unknown	earliest_occurrence_date	cal yr BP	NaN		
z5-p83	12000	0	NA	Carex	Genus	unknown	unknown	earliest_occurrence_date	cal yr BP	NaN		
z5-p83	12000	0	NA	Carex capillaris L.	Species	unknown	unknown	earliest_occurrence_date	cal yr BP	NaN		
z5-p83	12000	0	NA	Carex gynocrates Wormsk.	Species	unknown	unknown	earliest_occurrence_date	cal yr BP	NaN		
z5-p83	12000	0	NA	Carex lachenalii Schkuhr.	Species	unknown	unknown	earliest_occurrence_date	cal yr BP	NaN		
z5-p83	12000	0	NA	Carex norvegica L.	Species	unknown	unknown	earliest_occurrence_date	cal yr BP	NaN		
z5-p83	12000	0	NA	Carex rufina Drej.	Species	unknown	unknown	earliest_occurrence_date	cal yr BP	NaN		
z5-p83	12000	0	NA	Chamaenerion latifolium (L.) Th. Fries & Lge.	Species	unknown	unknown	earliest_occurrence_date	cal yr BP	NaN		
z5-p83	12000	0	NA	Brassicales	Order	unknown	unknown	earliest_occurrence_date	cal yr BP	NaN		
z5-p83	12000	0	NA	Brassicaceae	Family	unknown	unknown	earliest_occurrence_date	cal yr BP	NaN		
z5-p83	12000	0	NA	Brassicoideae	Subfamily	unknown	unknown	earliest_occurrence_date	cal yr BP	NaN		
z5-p83	12000	0	NA	Arabideae	Tribe	unknown	unknown	earliest_occurrence_date	cal yr BP	NaN		
z5-p83	12000	0	NA	Draba	Genus	unknown	unknown	earliest_occurrence_date	cal yr BP	NaN		
z5-p83	12000	0	NA	Dryas integrifolia M. Vahl.	Species	unknown	unknown	earliest_occurrence_date	cal yr BP	NaN		
z5-p83	12000	0	NA	Empetrum hermaphroditum (Hagerup) Böch.	Species	unknown	unknown	earliest_occurrence_date	cal yr BP	NaN		
z5-p83	12000	0	NA	Malpighiales	Order	unknown	unknown	earliest_occurrence_date	cal yr BP	NaN		
z5-p83	12000	0	NA	Salicaceae	Family	unknown	unknown	earliest_occurrence_date	cal yr BP	NaN		
z5-p83	12000	0	NA	Salix	Genus	unknown	unknown	earliest_occurrence_date	cal yr BP	NaN		
z5-p83	12000	0	NA	Salix herbacea L.	Species	unknown	unknown	earliest_occurrence_date	cal yr BP	NaN		
z5-p83	12000	0	NA	Ericales	Order	unknown	unknown	earliest_occurrence_date	cal yr BP	NaN		
z5-p83	12000	0	NA	Harrimanella hypnoides (L.) Coville	Species	unknown	unknown	earliest_occurrence_date	cal yr BP	NaN		
z5-p83	12000	0	NA	Lamiales	Order	unknown	unknown	earliest_occurrence_date	cal yr BP	8010.36		
z5-p83	12000	0	NA	Hippuris	Genus	unknown	unknown	earliest_occurrence_date	cal yr BP	NaN		
z5-p83	12000	0	NA	Hippuris vulgaris L.	Species	unknown	unknown	earliest_occurrence_date	cal yr BP	NaN		
z5-p83	12000	0	NA	Juncaceae	Family	unknown	unknown	earliest_occurrence_date	cal yr BP	NaN		
z5-p83	12000	0	NA	Juncus	Genus	unknown	unknown	earliest_occurrence_date	cal yr BP	NaN		
z5-p83	12000	0	NA	Pinophyta	Phylum	unknown	unknown	earliest_occurrence_date	cal yr BP	9181.529999999999		
z5-p83	12000	0	NA	Pinopsida	Class	unknown	unknown	earliest_occurrence_date	cal yr BP	9181.529999999999		
z5-p83	12000	0	NA	Cupressales	Order	unknown	unknown	earliest_occurrence_date	cal yr BP	9181.529999999999		
z5-p83	12000	0	NA	Cupressaceae	Family	unknown	unknown	earliest_occurrence_date	cal yr BP	9181.529999999999		
z5-p83	12000	0	NA	Juniperus	Genus	unknown	unknown	earliest_occurrence_date	cal yr BP	9181.529999999999		
z5-p83	12000	0	NA	Juniperus communis L.	Species	unknown	unknown	earliest_occurrence_date	cal yr BP	9181.529999999999		
z5-p83	12000	0	NA	Luzula	Genus	unknown	unknown	earliest_occurrence_date	cal yr BP	NaN		
z5-p83	12000	0	NA	Minuratia rubella (Wbg.) Hiern.	Species	unknown	unknown	earliest_occurrence_date	cal yr BP	NaN		
z5-p83	12000	0	NA	Phippsia algida (Sol.) R. Br.	Species	unknown	unknown	earliest_occurrence_date	cal yr BP	NaN		
z5-p83	12000	0	NA	Phyllodoce	Genus	unknown	unknown	earliest_occurrence_date	cal yr BP	NaN		
z5-p83	12000	0	NA	Poaceae	Family	unknown	unknown	earliest_occurrence_date	cal yr BP	NaN		
z5-p83	12000	0	NA	Poa	Genus	unknown	unknown	earliest_occurrence_date	cal yr BP	NaN		
z5-p83	12000	0	NA	Alismatales	Order	unknown	unknown	earliest_occurrence_date	cal yr BP	8215.01		
z5-p83	12000	0	NA	Potamogetonaceae	Family	unknown	unknown	earliest_occurrence_date	cal yr BP	NaN		
z5-p83	12000	0	NA	Potamogeton	Genus	unknown	unknown	earliest_occurrence_date	cal yr BP	NaN		
z5-p83	12000	0	NA	Potamogeton pusillus L.	Species	unknown	unknown	earliest_occurrence_date	cal yr BP	NaN		
z5-p83	12000	0	NA	Potentilla	Genus	unknown	unknown	earliest_occurrence_date	cal yr BP	NaN		
z5-p83	12000	0	NA	Ranunculus confervoides (Fr.) Asch. & Graebn.	Species	unknown	unknown	earliest_occurrence_date	cal yr BP	NaN		
z5-p83	12000	0	NA	Ranunculales	Order	unknown	unknown	earliest_occurrence_date	cal yr BP	10032.5		
z5-p83	12000	0	NA	Ranunculaceae	Family	unknown	unknown	earliest_occurrence_date	cal yr BP	10032.5		
z5-p83	12000	0	NA	Ranunculus	Genus	unknown	unknown	earliest_occurrence_date	cal yr BP	10032.5		
z5-p83	12000	0	NA	Ranunculus hyperboreus Rottb.	Species	unknown	unknown	earliest_occurrence_date	cal yr BP	NaN		
z5-p83	12000	0	NA	Caryophyllales	Order	unknown	unknown	earliest_occurrence_date	cal yr BP	6551.18		
z5-p83	12000	0	NA	Caryophyllaceae	Family	unknown	unknown	earliest_occurrence_date	cal yr BP	NaN		
z5-p83	12000	0	NA	Silene	Genus	unknown	unknown	earliest_occurrence_date	cal yr BP	NaN		
z5-p83	12000	0	NA	Silene acaulis (L.) Jacq.	Species	unknown	unknown	earliest_occurrence_date	cal yr BP	NaN		
z5-p83	12000	0	NA	Ericaceae	Family	unknown	unknown	earliest_occurrence_date	cal yr BP	NaN		
z5-p83	12000	0	NA	Vaccinioideae	Subfamily	unknown	unknown	earliest_occurrence_date	cal yr BP	NaN		
z5-p83	12000	0	NA	Vaccinium	Genus	unknown	unknown	earliest_occurrence_date	cal yr BP	NaN		
z5-p83	12000	0	NA	Vaccinium uliginosum L.	Species	unknown	unknown	earliest_occurrence_date	cal yr BP	NaN		
z5-p83	12000	0	NA	Alnus	Genus	unknown	unknown	earliest_occurrence_date	cal yr BP	8896.75		
z5-p83	12000	0	NA	Asterales	Order	unknown	unknown	earliest_occurrence_date	cal yr BP	7349.38		
z5-p83	12000	0	NA	Asteraceae	Family	unknown	unknown	earliest_occurrence_date	cal yr BP	7349.38		
z5-p83	12000	0	NA	Asteroideae	Subfamily	unknown	unknown	earliest_occurrence_date	cal yr BP	7349.38		
z5-p83	12000	0	NA	Anthemideae	Tribe	unknown	unknown	earliest_occurrence_date	cal yr BP	7349.38		
z5-p83	12000	0	NA	Artemisia	Genus	unknown	unknown	earliest_occurrence_date	cal yr BP	7349.38		
z5-p83	12000	0	NA	Polypodiophyta	Phylum	unknown	unknown	earliest_occurrence_date	cal yr BP	10253		
z5-p83	12000	0	NA	Polypodiopsida	Class	unknown	unknown	earliest_occurrence_date	cal yr BP	10253		
z5-p83	12000	0	NA	Ophioglossales	Order	unknown	unknown	earliest_occurrence_date	cal yr BP	9181.529999999999		
z5-p83	12000	0	NA	Ophioglossaceae	Family	unknown	unknown	earliest_occurrence_date	cal yr BP	9181.529999999999		
z5-p83	12000	0	NA	Botrychioideae	Subfamily	unknown	unknown	earliest_occurrence_date	cal yr BP	9181.529999999999		
z5-p83	12000	0	NA	Botrychium	Genus	unknown	unknown	earliest_occurrence_date	cal yr BP	9181.529999999999		
z5-p83	12000	0	NA	Campanulaceae	Family	unknown	unknown	earliest_occurrence_date	cal yr BP	6551.18		
z5-p83	12000	0	NA	Campanula	Genus	unknown	unknown	earliest_occurrence_date	cal yr BP	6551.18		
z5-p83	12000	0	NA	Stellaria longipes Goldie	Species	unknown	unknown	earliest_occurrence_date	cal yr BP	10032.5		
z5-p83	12000	0	NA	Cerastium fontanum Baumg.	Species	unknown	unknown	earliest_occurrence_date	cal yr BP	10032.5		
z5-p83	12000	0	NA	Cerastium alpinum L.	Species	unknown	unknown	earliest_occurrence_date	cal yr BP	10032.5		
z5-p83	12000	0	NA	Dryas	Genus	unknown	unknown	earliest_occurrence_date	cal yr BP	7018.03		
z5-p83	12000	0	NA	Polypodiales	Order	unknown	unknown	earliest_occurrence_date	cal yr BP	10253		
z5-p83	12000	0	NA	Polypodiaceae	Family	unknown	unknown	earliest_occurrence_date	cal yr BP	10253		
z5-p83	12000	0	NA	Orobanchaceae	Family	unknown	unknown	earliest_occurrence_date	cal yr BP	8010.36		
z5-p83	12000	0	NA	Rhinanthus	Genus	unknown	unknown	earliest_occurrence_date	cal yr BP	8010.36		
z5-p83	12000	0	NA	Euphrasia	Genus	unknown	unknown	earliest_occurrence_date	cal yr BP	8010.36		
z5-p83	12000	0	NA	Bartsia	Genus	unknown	unknown	earliest_occurrence_date	cal yr BP	8010.36		
z5-p83	12000	0	NA	Gentianales	Order	unknown	unknown	earliest_occurrence_date	cal yr BP	9181.529999999999		
z5-p83	12000	0	NA	Rubiaceae	Family	unknown	unknown	earliest_occurrence_date	cal yr BP	9181.529999999999		
z5-p83	12000	0	NA	Galium	Genus	unknown	unknown	earliest_occurrence_date	cal yr BP	9181.529999999999		
z5-p83	12000	0	NA	Gymnocarpium dryopteris (L.) Newman	Species	unknown	unknown	earliest_occurrence_date	cal yr BP	8896.75		
z5-p83	12000	0	NA	Lycopodiophyta	Phylum	unknown	unknown	earliest_occurrence_date	cal yr BP	9181.529999999999		
z5-p83	12000	0	NA	Lycopodiopsida	Class	unknown	unknown	earliest_occurrence_date	cal yr BP	9181.529999999999		
z5-p83	12000	0	NA	Lycopodiales	Order	unknown	unknown	earliest_occurrence_date	cal yr BP	9181.529999999999		
z5-p83	12000	0	NA	Lycopodiaceae	Family	unknown	unknown	earliest_occurrence_date	cal yr BP	9181.529999999999		
z5-p83	12000	0	NA	Lycopodioideae	Subfamily	unknown	unknown	earliest_occurrence_date	cal yr BP	9181.529999999999		
z5-p83	12000	0	NA	Lycopodium	Genus	unknown	unknown	earliest_occurrence_date	cal yr BP	9181.529999999999		
z5-p83	12000	0	NA	Lycopodium clavatum L.	Species	unknown	unknown	earliest_occurrence_date	cal yr BP	9181.529999999999		
z5-p83	12000	0	NA	Sibbaldia procumbens L.	Species	unknown	unknown	earliest_occurrence_date	cal yr BP	10032.5		
z5-p83	12000	0	NA	Comarum	Genus	unknown	unknown	earliest_occurrence_date	cal yr BP	10032.5		
z5-p83	12000	0	NA	Comarum palustre L.	Species	unknown	unknown	earliest_occurrence_date	cal yr BP	10032.5		
z5-p83	12000	0	NA	Potentilla hyparctica Malte	Species	unknown	unknown	earliest_occurrence_date	cal yr BP	10032.5		
z5-p83	12000	0	NA	Potentilla nivea L.	Species	unknown	unknown	earliest_occurrence_date	cal yr BP	10032.5		
z5-p83	12000	0	NA	Potentilla hookeriana Lehm.	Species	unknown	unknown	earliest_occurrence_date	cal yr BP	10032.5		
z5-p83	12000	0	NA	Polygonaceae	Family	unknown	unknown	earliest_occurrence_date	cal yr BP	6551.18		
z5-p83	12000	0	NA	Rumex	Genus	unknown	unknown	earliest_occurrence_date	cal yr BP	6551.18		
z5-p83	12000	0	NA	Rumex acetosella L.	Species	unknown	unknown	earliest_occurrence_date	cal yr BP	6551.18		
z5-p83	12000	0	NA	Saxifraga paniculata Mill.	Species	unknown	unknown	earliest_occurrence_date	cal yr BP	8896.75		
z5-p83	12000	0	NA	Saxifraga aizoides L.	Species	unknown	unknown	earliest_occurrence_date	cal yr BP	8896.75		
z5-p83	12000	0	NA	Saxifraga tricuspidata Rottb.	Species	unknown	unknown	earliest_occurrence_date	cal yr BP	8896.75		
z5-p83	12000	0	NA	Saxifragales	Order	unknown	unknown	earliest_occurrence_date	cal yr BP	8896.75		
z5-p83	12000	0	NA	Saxifragaceae	Family	unknown	unknown	earliest_occurrence_date	cal yr BP	8896.75		
z5-p83	12000	0	NA	Saxifraga	Genus	unknown	unknown	earliest_occurrence_date	cal yr BP	8896.75		
z5-p83	12000	0	NA	Saxifraga oppositifolia L.	Species	unknown	unknown	earliest_occurrence_date	cal yr BP	8896.75		
z5-p83	12000	0	NA	Thalictrum	Genus	unknown	unknown	earliest_occurrence_date	cal yr BP	8683.1		
z5-p83	12000	0	NA	Thalictrum alpinum L.	Species	unknown	unknown	earliest_occurrence_date	cal yr BP	8683.1		
z5-p83	12000	0	NA	Tofieldiaceae	Family	unknown	unknown	earliest_occurrence_date	cal yr BP	8215.01		
z5-p83	12000	0	NA	Tofieldia	Genus	unknown	unknown	earliest_occurrence_date	cal yr BP	8215.01		
z5-p83	12000	0	NA	Arctostaphylos alpina (L.) Spreng.	Species	unknown	unknown	earliest_occurrence_date	cal yr BP	NaN		
z5-p83	12000	0	NA	Cassiopoideae	Subfamily	unknown	unknown	earliest_occurrence_date	cal yr BP	NaN		
z5-p83	12000	0	NA	Cassiope	Genus	unknown	unknown	earliest_occurrence_date	cal yr BP	NaN		
z5-p83	12000	0	NA	Cassiope tetragona (L.) D.Don	Species	unknown	unknown	earliest_occurrence_date	cal yr BP	NaN		
z5-p83	12000	0	NA	Myrtales	Order	unknown	unknown	earliest_occurrence_date	cal yr BP	NaN		
z5-p83	12000	0	NA	Onagraceae	Family	unknown	unknown	earliest_occurrence_date	cal yr BP	NaN		
z5-p83	12000	0	NA	Chamaenerion	Genus	unknown	unknown	earliest_occurrence_date	cal yr BP	NaN		
z5-p83	12000	0	NA	Cruciferae	Family	unknown	unknown	earliest_occurrence_date	cal yr BP	NaN		
z5-p83	12000	0	NA	Empetrum nigrum (Hagerup) Böch.	Species	unknown	unknown	earliest_occurrence_date	cal yr BP	NaN		
z5-p83	12000	0	NA	Gramineae	Genus	unknown	unknown	earliest_occurrence_date	cal yr BP	NaN		
z5-p83	12000	0	NA	Huperzia selago (L.) Bernh. ex Schrank. & Mart.	Species	unknown	unknown	earliest_occurrence_date	cal yr BP	NaN		
z5-p83	12000	0	NA	Koenigia	Genus	unknown	unknown	earliest_occurrence_date	cal yr BP	NaN		
z5-p83	12000	0	NA	Koenigia islandica L.	Species	unknown	unknown	earliest_occurrence_date	cal yr BP	NaN		
z5-p83	12000	0	NA	Liguiflorae	Family	unknown	unknown	earliest_occurrence_date	cal yr BP	NaN		
z5-p83	12000	0	NA	Problematic (Placeholder)	Kingdom	unknown	unknown	earliest_occurrence_date	cal yr BP	NaN		
z5-p83	12000	0	NA	Oxyria	Genus	unknown	unknown	earliest_occurrence_date	cal yr BP	NaN		
z5-p83	12000	0	NA	Pedicuralis	Genus	unknown	unknown	earliest_occurrence_date	cal yr BP	NaN		
z5-p83	12000	0	NA	Phyllodoce corerulea (L.) Bab.	Species	unknown	unknown	earliest_occurrence_date	cal yr BP	NaN		
z5-p83	12000	0	NA	Polygonum viviparum L.	Species	unknown	unknown	earliest_occurrence_date	cal yr BP	NaN		
z5-p83	12000	0	NA	Rhododendron lapponicum (L.) Wbg.	Species	unknown	unknown	earliest_occurrence_date	cal yr BP	NaN		
z5-p83	12000	0	NA	Saxifraga hieraciifolia W. & K.	Species	unknown	unknown	earliest_occurrence_date	cal yr BP	NaN		
z5-p83	12000	0	NA	Saxifraga tenuis (Wbg.) H. Sm.	Species	unknown	unknown	earliest_occurrence_date	cal yr BP	NaN		
z5-p83	12000	0	NA	Saxifraga nivalis L.	Species	unknown	unknown	earliest_occurrence_date	cal yr BP	NaN		
z4-p92	12000	0	NA	Unknown (not yet coded)	Kingdom	unknown	unknown	earliest_occurrence_date	cal yr BP	NaN		
z4-p92	12000	0	NA	Life	Life	unknown	unknown	earliest_occurrence_date	cal yr BP	8643.68		
z4-p92	12000	0	NA	Plantae	Kingdom	unknown	unknown	earliest_occurrence_date	cal yr BP	8643.68		
z4-p92	12000	0	NA	Angiosperms	Phylum	unknown	unknown	earliest_occurrence_date	cal yr BP	8643.68		
z4-p92	12000	0	NA	Rosales	Order	unknown	unknown	earliest_occurrence_date	cal yr BP	8643.68		
z4-p92	12000	0	NA	Rosaceae	Family	unknown	unknown	earliest_occurrence_date	cal yr BP	8643.68		
z4-p92	12000	0	NA	Alchemilla	Genus	unknown	unknown	earliest_occurrence_date	cal yr BP	NaN		
z4-p92	12000	0	NA	Alchemilla alpina L.	Species	unknown	unknown	earliest_occurrence_date	cal yr BP	NaN		
z4-p92	12000	0	NA	Fagales	Order	unknown	unknown	earliest_occurrence_date	cal yr BP	8643.68		
z4-p92	12000	0	NA	Betulaceae	Family	unknown	unknown	earliest_occurrence_date	cal yr BP	8643.68		
z4-p92	12000	0	NA	Betula	Genus	unknown	unknown	earliest_occurrence_date	cal yr BP	8643.68		
z4-p92	12000	0	NA	Betula nana L.	Species	unknown	unknown	earliest_occurrence_date	cal yr BP	NaN		
z4-p92	12000	0	NA	Carex bigelowii Torr.	Species	unknown	unknown	earliest_occurrence_date	cal yr BP	NaN		
z4-p92	12000	0	NA	Carex brunescens (Pers.) Poir.	Species	unknown	unknown	earliest_occurrence_date	cal yr BP	NaN		
z4-p92	12000	0	NA	Poales	Order	unknown	unknown	earliest_occurrence_date	cal yr BP	8643.68		
z4-p92	12000	0	NA	Cyperaceae	Family	unknown	unknown	earliest_occurrence_date	cal yr BP	8643.68		
z4-p92	12000	0	NA	Carex	Genus	unknown	unknown	earliest_occurrence_date	cal yr BP	NaN		
z4-p92	12000	0	NA	Carex capillaris L.	Species	unknown	unknown	earliest_occurrence_date	cal yr BP	NaN		
z4-p92	12000	0	NA	Carex gynocrates Wormsk.	Species	unknown	unknown	earliest_occurrence_date	cal yr BP	NaN		
z4-p92	12000	0	NA	Carex lachenalii Schkuhr.	Species	unknown	unknown	earliest_occurrence_date	cal yr BP	NaN		
z4-p92	12000	0	NA	Carex norvegica L.	Species	unknown	unknown	earliest_occurrence_date	cal yr BP	NaN		
z4-p92	12000	0	NA	Carex rufina Drej.	Species	unknown	unknown	earliest_occurrence_date	cal yr BP	NaN		
z4-p92	12000	0	NA	Chamaenerion latifolium (L.) Th. Fries & Lge.	Species	unknown	unknown	earliest_occurrence_date	cal yr BP	NaN		
z4-p92	12000	0	NA	Brassicales	Order	unknown	unknown	earliest_occurrence_date	cal yr BP	NaN		
z4-p92	12000	0	NA	Brassicaceae	Family	unknown	unknown	earliest_occurrence_date	cal yr BP	NaN		
z4-p92	12000	0	NA	Brassicoideae	Subfamily	unknown	unknown	earliest_occurrence_date	cal yr BP	NaN		
z4-p92	12000	0	NA	Arabideae	Tribe	unknown	unknown	earliest_occurrence_date	cal yr BP	NaN		
z4-p92	12000	0	NA	Draba	Genus	unknown	unknown	earliest_occurrence_date	cal yr BP	NaN		
z4-p92	12000	0	NA	Dryas integrifolia M. Vahl.	Species	unknown	unknown	earliest_occurrence_date	cal yr BP	NaN		
z4-p92	12000	0	NA	Empetrum hermaphroditum (Hagerup) Böch.	Species	unknown	unknown	earliest_occurrence_date	cal yr BP	NaN		
z4-p92	12000	0	NA	Malpighiales	Order	unknown	unknown	earliest_occurrence_date	cal yr BP	8643.68		
z4-p92	12000	0	NA	Salicaceae	Family	unknown	unknown	earliest_occurrence_date	cal yr BP	8643.68		
z4-p92	12000	0	NA	Salix	Genus	unknown	unknown	earliest_occurrence_date	cal yr BP	8643.68		
z4-p92	12000	0	NA	Salix herbacea L.	Species	unknown	unknown	earliest_occurrence_date	cal yr BP	NaN		
z4-p92	12000	0	NA	Ericales	Order	unknown	unknown	earliest_occurrence_date	cal yr BP	8360.98		
z4-p92	12000	0	NA	Harrimanella hypnoides (L.) Coville	Species	unknown	unknown	earliest_occurrence_date	cal yr BP	8360.98		
z4-p92	12000	0	NA	Lamiales	Order	unknown	unknown	earliest_occurrence_date	cal yr BP	NaN		
z4-p92	12000	0	NA	Hippuris	Genus	unknown	unknown	earliest_occurrence_date	cal yr BP	NaN		
z4-p92	12000	0	NA	Hippuris vulgaris L.	Species	unknown	unknown	earliest_occurrence_date	cal yr BP	NaN		
z4-p92	12000	0	NA	Juncaceae	Family	unknown	unknown	earliest_occurrence_date	cal yr BP	NaN		
z4-p92	12000	0	NA	Juncus	Genus	unknown	unknown	earliest_occurrence_date	cal yr BP	NaN		
z4-p92	12000	0	NA	Pinophyta	Phylum	unknown	unknown	earliest_occurrence_date	cal yr BP	NaN		
z4-p92	12000	0	NA	Pinopsida	Class	unknown	unknown	earliest_occurrence_date	cal yr BP	NaN		
z4-p92	12000	0	NA	Cupressales	Order	unknown	unknown	earliest_occurrence_date	cal yr BP	NaN		
z4-p92	12000	0	NA	Cupressaceae	Family	unknown	unknown	earliest_occurrence_date	cal yr BP	NaN		
z4-p92	12000	0	NA	Juniperus	Genus	unknown	unknown	earliest_occurrence_date	cal yr BP	NaN		
z4-p92	12000	0	NA	Juniperus communis L.	Species	unknown	unknown	earliest_occurrence_date	cal yr BP	NaN		
z4-p92	12000	0	NA	Luzula	Genus	unknown	unknown	earliest_occurrence_date	cal yr BP	NaN		
z4-p92	12000	0	NA	Minuratia rubella (Wbg.) Hiern.	Species	unknown	unknown	earliest_occurrence_date	cal yr BP	NaN		
z4-p92	12000	0	NA	Phippsia algida (Sol.) R. Br.	Species	unknown	unknown	earliest_occurrence_date	cal yr BP	NaN		
z4-p92	12000	0	NA	Phyllodoce	Genus	unknown	unknown	earliest_occurrence_date	cal yr BP	NaN		
z4-p92	12000	0	NA	Poaceae	Family	unknown	unknown	earliest_occurrence_date	cal yr BP	NaN		
z4-p92	12000	0	NA	Poa	Genus	unknown	unknown	earliest_occurrence_date	cal yr BP	NaN		
z4-p92	12000	0	NA	Alismatales	Order	unknown	unknown	earliest_occurrence_date	cal yr BP	NaN		
z4-p92	12000	0	NA	Potamogetonaceae	Family	unknown	unknown	earliest_occurrence_date	cal yr BP	NaN		
z4-p92	12000	0	NA	Potamogeton	Genus	unknown	unknown	earliest_occurrence_date	cal yr BP	NaN		
z4-p92	12000	0	NA	Potamogeton pusillus L.	Species	unknown	unknown	earliest_occurrence_date	cal yr BP	NaN		
z4-p92	12000	0	NA	Potentilla	Genus	unknown	unknown	earliest_occurrence_date	cal yr BP	8567.43		
z4-p92	12000	0	NA	Ranunculus confervoides (Fr.) Asch. & Graebn.	Species	unknown	unknown	earliest_occurrence_date	cal yr BP	NaN		
z4-p92	12000	0	NA	Ranunculales	Order	unknown	unknown	earliest_occurrence_date	cal yr BP	8643.68		
z4-p92	12000	0	NA	Ranunculaceae	Family	unknown	unknown	earliest_occurrence_date	cal yr BP	8643.68		
z4-p92	12000	0	NA	Ranunculus	Genus	unknown	unknown	earliest_occurrence_date	cal yr BP	8643.68		
z4-p92	12000	0	NA	Ranunculus hyperboreus Rottb.	Species	unknown	unknown	earliest_occurrence_date	cal yr BP	NaN		
z4-p92	12000	0	NA	Caryophyllales	Order	unknown	unknown	earliest_occurrence_date	cal yr BP	8643.68		
z4-p92	12000	0	NA	Caryophyllaceae	Family	unknown	unknown	earliest_occurrence_date	cal yr BP	8643.68		
z4-p92	12000	0	NA	Silene	Genus	unknown	unknown	earliest_occurrence_date	cal yr BP	NaN		
z4-p92	12000	0	NA	Silene acaulis (L.) Jacq.	Species	unknown	unknown	earliest_occurrence_date	cal yr BP	NaN		
z4-p92	12000	0	NA	Ericaceae	Family	unknown	unknown	earliest_occurrence_date	cal yr BP	8360.98		
z4-p92	12000	0	NA	Vaccinioideae	Subfamily	unknown	unknown	earliest_occurrence_date	cal yr BP	5703.49		
z4-p92	12000	0	NA	Vaccinium	Genus	unknown	unknown	earliest_occurrence_date	cal yr BP	5703.49		
z4-p92	12000	0	NA	Vaccinium uliginosum L.	Species	unknown	unknown	earliest_occurrence_date	cal yr BP	5703.49		
z4-p92	12000	0	NA	Alnus	Genus	unknown	unknown	earliest_occurrence_date	cal yr BP	NaN		
z4-p92	12000	0	NA	Asterales	Order	unknown	unknown	earliest_occurrence_date	cal yr BP	5703.49		
z4-p92	12000	0	NA	Asteraceae	Family	unknown	unknown	earliest_occurrence_date	cal yr BP	NaN		
z4-p92	12000	0	NA	Asteroideae	Subfamily	unknown	unknown	earliest_occurrence_date	cal yr BP	NaN		
z4-p92	12000	0	NA	Anthemideae	Tribe	unknown	unknown	earliest_occurrence_date	cal yr BP	NaN		
z4-p92	12000	0	NA	Artemisia	Genus	unknown	unknown	earliest_occurrence_date	cal yr BP	NaN		
z4-p92	12000	0	NA	Polypodiophyta	Phylum	unknown	unknown	earliest_occurrence_date	cal yr BP	8567.43		
z4-p92	12000	0	NA	Polypodiopsida	Class	unknown	unknown	earliest_occurrence_date	cal yr BP	8567.43		
z4-p92	12000	0	NA	Ophioglossales	Order	unknown	unknown	earliest_occurrence_date	cal yr BP	NaN		
z4-p92	12000	0	NA	Ophioglossaceae	Family	unknown	unknown	earliest_occurrence_date	cal yr BP	NaN		
z4-p92	12000	0	NA	Botrychioideae	Subfamily	unknown	unknown	earliest_occurrence_date	cal yr BP	NaN		
z4-p92	12000	0	NA	Botrychium	Genus	unknown	unknown	earliest_occurrence_date	cal yr BP	NaN		
z4-p92	12000	0	NA	Campanulaceae	Family	unknown	unknown	earliest_occurrence_date	cal yr BP	5703.49		
z4-p92	12000	0	NA	Campanula	Genus	unknown	unknown	earliest_occurrence_date	cal yr BP	5703.49		
z4-p92	12000	0	NA	Stellaria longipes Goldie	Species	unknown	unknown	earliest_occurrence_date	cal yr BP	NaN		
z4-p92	12000	0	NA	Cerastium fontanum Baumg.	Species	unknown	unknown	earliest_occurrence_date	cal yr BP	NaN		
z4-p92	12000	0	NA	Cerastium alpinum L.	Species	unknown	unknown	earliest_occurrence_date	cal yr BP	NaN		
z4-p92	12000	0	NA	Dryas	Genus	unknown	unknown	earliest_occurrence_date	cal yr BP	8643.68		
z4-p92	12000	0	NA	Polypodiales	Order	unknown	unknown	earliest_occurrence_date	cal yr BP	8567.43		
z4-p92	12000	0	NA	Polypodiaceae	Family	unknown	unknown	earliest_occurrence_date	cal yr BP	8567.43		
z4-p92	12000	0	NA	Orobanchaceae	Family	unknown	unknown	earliest_occurrence_date	cal yr BP	NaN		
z4-p92	12000	0	NA	Rhinanthus	Genus	unknown	unknown	earliest_occurrence_date	cal yr BP	NaN		
z4-p92	12000	0	NA	Euphrasia	Genus	unknown	unknown	earliest_occurrence_date	cal yr BP	NaN		
z4-p92	12000	0	NA	Bartsia	Genus	unknown	unknown	earliest_occurrence_date	cal yr BP	NaN		
z4-p92	12000	0	NA	Gentianales	Order	unknown	unknown	earliest_occurrence_date	cal yr BP	NaN		
z4-p92	12000	0	NA	Rubiaceae	Family	unknown	unknown	earliest_occurrence_date	cal yr BP	NaN		
z4-p92	12000	0	NA	Galium	Genus	unknown	unknown	earliest_occurrence_date	cal yr BP	NaN		
z4-p92	12000	0	NA	Gymnocarpium dryopteris (L.) Newman	Species	unknown	unknown	earliest_occurrence_date	cal yr BP	NaN		
z4-p92	12000	0	NA	Lycopodiophyta	Phylum	unknown	unknown	earliest_occurrence_date	cal yr BP	NaN		
z4-p92	12000	0	NA	Lycopodiopsida	Class	unknown	unknown	earliest_occurrence_date	cal yr BP	NaN		
z4-p92	12000	0	NA	Lycopodiales	Order	unknown	unknown	earliest_occurrence_date	cal yr BP	NaN		
z4-p92	12000	0	NA	Lycopodiaceae	Family	unknown	unknown	earliest_occurrence_date	cal yr BP	NaN		
z4-p92	12000	0	NA	Lycopodioideae	Subfamily	unknown	unknown	earliest_occurrence_date	cal yr BP	NaN		
z4-p92	12000	0	NA	Lycopodium	Genus	unknown	unknown	earliest_occurrence_date	cal yr BP	NaN		
z4-p92	12000	0	NA	Lycopodium clavatum L.	Species	unknown	unknown	earliest_occurrence_date	cal yr BP	NaN		
z4-p92	12000	0	NA	Sibbaldia procumbens L.	Species	unknown	unknown	earliest_occurrence_date	cal yr BP	NaN		
z4-p92	12000	0	NA	Comarum	Genus	unknown	unknown	earliest_occurrence_date	cal yr BP	NaN		
z4-p92	12000	0	NA	Comarum palustre L.	Species	unknown	unknown	earliest_occurrence_date	cal yr BP	NaN		
z4-p92	12000	0	NA	Potentilla hyparctica Malte	Species	unknown	unknown	earliest_occurrence_date	cal yr BP	NaN		
z4-p92	12000	0	NA	Potentilla nivea L.	Species	unknown	unknown	earliest_occurrence_date	cal yr BP	NaN		
z4-p92	12000	0	NA	Potentilla hookeriana Lehm.	Species	unknown	unknown	earliest_occurrence_date	cal yr BP	NaN		
z4-p92	12000	0	NA	Polygonaceae	Family	unknown	unknown	earliest_occurrence_date	cal yr BP	8643.68		
z4-p92	12000	0	NA	Rumex	Genus	unknown	unknown	earliest_occurrence_date	cal yr BP	NaN		
z4-p92	12000	0	NA	Rumex acetosella L.	Species	unknown	unknown	earliest_occurrence_date	cal yr BP	NaN		
z4-p92	12000	0	NA	Saxifraga paniculata Mill.	Species	unknown	unknown	earliest_occurrence_date	cal yr BP	8643.68		
z4-p92	12000	0	NA	Saxifraga aizoides L.	Species	unknown	unknown	earliest_occurrence_date	cal yr BP	8643.68		
z4-p92	12000	0	NA	Saxifraga tricuspidata Rottb.	Species	unknown	unknown	earliest_occurrence_date	cal yr BP	8643.68		
z4-p92	12000	0	NA	Saxifragales	Order	unknown	unknown	earliest_occurrence_date	cal yr BP	8643.68		
z4-p92	12000	0	NA	Saxifragaceae	Family	unknown	unknown	earliest_occurrence_date	cal yr BP	8643.68		
z4-p92	12000	0	NA	Saxifraga	Genus	unknown	unknown	earliest_occurrence_date	cal yr BP	8643.68		
z4-p92	12000	0	NA	Saxifraga oppositifolia L.	Species	unknown	unknown	earliest_occurrence_date	cal yr BP	8643.68		
z4-p92	12000	0	NA	Thalictrum	Genus	unknown	unknown	earliest_occurrence_date	cal yr BP	8567.43		
z4-p92	12000	0	NA	Thalictrum alpinum L.	Species	unknown	unknown	earliest_occurrence_date	cal yr BP	8567.43		
z4-p92	12000	0	NA	Tofieldiaceae	Family	unknown	unknown	earliest_occurrence_date	cal yr BP	NaN		
z4-p92	12000	0	NA	Tofieldia	Genus	unknown	unknown	earliest_occurrence_date	cal yr BP	NaN		
z4-p92	12000	0	NA	Arctostaphylos alpina (L.) Spreng.	Species	unknown	unknown	earliest_occurrence_date	cal yr BP	4399.110000000001		
z4-p92	12000	0	NA	Cassiopoideae	Subfamily	unknown	unknown	earliest_occurrence_date	cal yr BP	8360.98		
z4-p92	12000	0	NA	Cassiope	Genus	unknown	unknown	earliest_occurrence_date	cal yr BP	8360.98		
z4-p92	12000	0	NA	Cassiope tetragona (L.) D.Don	Species	unknown	unknown	earliest_occurrence_date	cal yr BP	8360.98		
z4-p92	12000	0	NA	Myrtales	Order	unknown	unknown	earliest_occurrence_date	cal yr BP	5156.18		
z4-p92	12000	0	NA	Onagraceae	Family	unknown	unknown	earliest_occurrence_date	cal yr BP	5156.18		
z4-p92	12000	0	NA	Chamaenerion	Genus	unknown	unknown	earliest_occurrence_date	cal yr BP	5156.18		
z4-p92	12000	0	NA	Cruciferae	Family	unknown	unknown	earliest_occurrence_date	cal yr BP	8643.68		
z4-p92	12000	0	NA	Empetrum nigrum (Hagerup) Böch.	Species	unknown	unknown	earliest_occurrence_date	cal yr BP	8643.68		
z4-p92	12000	0	NA	Gramineae	Genus	unknown	unknown	earliest_occurrence_date	cal yr BP	8643.68		
z4-p92	12000	0	NA	Huperzia selago (L.) Bernh. ex Schrank. & Mart.	Species	unknown	unknown	earliest_occurrence_date	cal yr BP	8643.68		
z4-p92	12000	0	NA	Koenigia	Genus	unknown	unknown	earliest_occurrence_date	cal yr BP	8643.68		
z4-p92	12000	0	NA	Koenigia islandica L.	Species	unknown	unknown	earliest_occurrence_date	cal yr BP	8643.68		
z4-p92	12000	0	NA	Liguiflorae	Family	unknown	unknown	earliest_occurrence_date	cal yr BP	8643.68		
z4-p92	12000	0	NA	Problematic (Placeholder)	Kingdom	unknown	unknown	earliest_occurrence_date	cal yr BP	8643.68		
z4-p92	12000	0	NA	Oxyria	Genus	unknown	unknown	earliest_occurrence_date	cal yr BP	8643.68		
z4-p92	12000	0	NA	Pedicuralis	Genus	unknown	unknown	earliest_occurrence_date	cal yr BP	6496.19		
z4-p92	12000	0	NA	Phyllodoce corerulea (L.) Bab.	Species	unknown	unknown	earliest_occurrence_date	cal yr BP	8129.94		
z4-p92	12000	0	NA	Polygonum viviparum L.	Species	unknown	unknown	earliest_occurrence_date	cal yr BP	8643.68		
z4-p92	12000	0	NA	Rhododendron lapponicum (L.) Wbg.	Species	unknown	unknown	earliest_occurrence_date	cal yr BP	5266.85		
z4-p92	12000	0	NA	Saxifraga hieraciifolia W. & K.	Species	unknown	unknown	earliest_occurrence_date	cal yr BP	8567.43		
z4-p92	12000	0	NA	Saxifraga tenuis (Wbg.) H. Sm.	Species	unknown	unknown	earliest_occurrence_date	cal yr BP	8567.43		
z4-p92	12000	0	NA	Saxifraga nivalis L.	Species	unknown	unknown	earliest_occurrence_date	cal yr BP	8567.43		
z4-p84	12000	0	NA	Unknown (not yet coded)	Kingdom	unknown	unknown	earliest_occurrence_date	cal yr BP	NaN		
z4-p84	12000	0	NA	Life	Life	unknown	unknown	earliest_occurrence_date	cal yr BP	NaN		
z4-p84	12000	0	NA	Plantae	Kingdom	unknown	unknown	earliest_occurrence_date	cal yr BP	NaN		
z4-p84	12000	0	NA	Angiosperms	Phylum	unknown	unknown	earliest_occurrence_date	cal yr BP	NaN		
z4-p84	12000	0	NA	Rosales	Order	unknown	unknown	earliest_occurrence_date	cal yr BP	NaN		
z4-p84	12000	0	NA	Rosaceae	Family	unknown	unknown	earliest_occurrence_date	cal yr BP	NaN		
z4-p84	12000	0	NA	Alchemilla	Genus	unknown	unknown	earliest_occurrence_date	cal yr BP	NaN		
z4-p84	12000	0	NA	Alchemilla alpina L.	Species	unknown	unknown	earliest_occurrence_date	cal yr BP	NaN		
z4-p84	12000	0	NA	Fagales	Order	unknown	unknown	earliest_occurrence_date	cal yr BP	NaN		
z4-p84	12000	0	NA	Betulaceae	Family	unknown	unknown	earliest_occurrence_date	cal yr BP	NaN		
z4-p84	12000	0	NA	Betula	Genus	unknown	unknown	earliest_occurrence_date	cal yr BP	NaN		
z4-p84	12000	0	NA	Betula nana L.	Species	unknown	unknown	earliest_occurrence_date	cal yr BP	NaN		
z4-p84	12000	0	NA	Carex bigelowii Torr.	Species	unknown	unknown	earliest_occurrence_date	cal yr BP	NaN		
z4-p84	12000	0	NA	Carex brunescens (Pers.) Poir.	Species	unknown	unknown	earliest_occurrence_date	cal yr BP	NaN		
z4-p84	12000	0	NA	Poales	Order	unknown	unknown	earliest_occurrence_date	cal yr BP	NaN		
z4-p84	12000	0	NA	Cyperaceae	Family	unknown	unknown	earliest_occurrence_date	cal yr BP	NaN		
z4-p84	12000	0	NA	Carex	Genus	unknown	unknown	earliest_occurrence_date	cal yr BP	NaN		
z4-p84	12000	0	NA	Carex capillaris L.	Species	unknown	unknown	earliest_occurrence_date	cal yr BP	NaN		
z4-p84	12000	0	NA	Carex gynocrates Wormsk.	Species	unknown	unknown	earliest_occurrence_date	cal yr BP	NaN		
z4-p84	12000	0	NA	Carex lachenalii Schkuhr.	Species	unknown	unknown	earliest_occurrence_date	cal yr BP	NaN		
z4-p84	12000	0	NA	Carex norvegica L.	Species	unknown	unknown	earliest_occurrence_date	cal yr BP	NaN		
z4-p84	12000	0	NA	Carex rufina Drej.	Species	unknown	unknown	earliest_occurrence_date	cal yr BP	NaN		
z4-p84	12000	0	NA	Chamaenerion latifolium (L.) Th. Fries & Lge.	Species	unknown	unknown	earliest_occurrence_date	cal yr BP	NaN		
z4-p84	12000	0	NA	Brassicales	Order	unknown	unknown	earliest_occurrence_date	cal yr BP	NaN		
z4-p84	12000	0	NA	Brassicaceae	Family	unknown	unknown	earliest_occurrence_date	cal yr BP	NaN		
z4-p84	12000	0	NA	Brassicoideae	Subfamily	unknown	unknown	earliest_occurrence_date	cal yr BP	NaN		
z4-p84	12000	0	NA	Arabideae	Tribe	unknown	unknown	earliest_occurrence_date	cal yr BP	NaN		
z4-p84	12000	0	NA	Draba	Genus	unknown	unknown	earliest_occurrence_date	cal yr BP	NaN		
z4-p84	12000	0	NA	Dryas integrifolia M. Vahl.	Species	unknown	unknown	earliest_occurrence_date	cal yr BP	NaN		
z4-p84	12000	0	NA	Empetrum hermaphroditum (Hagerup) Böch.	Species	unknown	unknown	earliest_occurrence_date	cal yr BP	NaN		
z4-p84	12000	0	NA	Malpighiales	Order	unknown	unknown	earliest_occurrence_date	cal yr BP	NaN		
z4-p84	12000	0	NA	Salicaceae	Family	unknown	unknown	earliest_occurrence_date	cal yr BP	NaN		
z4-p84	12000	0	NA	Salix	Genus	unknown	unknown	earliest_occurrence_date	cal yr BP	NaN		
z4-p84	12000	0	NA	Salix herbacea L.	Species	unknown	unknown	earliest_occurrence_date	cal yr BP	NaN		
z4-p84	12000	0	NA	Ericales	Order	unknown	unknown	earliest_occurrence_date	cal yr BP	NaN		
z4-p84	12000	0	NA	Harrimanella hypnoides (L.) Coville	Species	unknown	unknown	earliest_occurrence_date	cal yr BP	NaN		
z4-p84	12000	0	NA	Lamiales	Order	unknown	unknown	earliest_occurrence_date	cal yr BP	NaN		
z4-p84	12000	0	NA	Hippuris	Genus	unknown	unknown	earliest_occurrence_date	cal yr BP	NaN		
z4-p84	12000	0	NA	Hippuris vulgaris L.	Species	unknown	unknown	earliest_occurrence_date	cal yr BP	NaN		
z4-p84	12000	0	NA	Juncaceae	Family	unknown	unknown	earliest_occurrence_date	cal yr BP	NaN		
z4-p84	12000	0	NA	Juncus	Genus	unknown	unknown	earliest_occurrence_date	cal yr BP	NaN		
z4-p84	12000	0	NA	Pinophyta	Phylum	unknown	unknown	earliest_occurrence_date	cal yr BP	NaN		
z4-p84	12000	0	NA	Pinopsida	Class	unknown	unknown	earliest_occurrence_date	cal yr BP	NaN		
z4-p84	12000	0	NA	Cupressales	Order	unknown	unknown	earliest_occurrence_date	cal yr BP	NaN		
z4-p84	12000	0	NA	Cupressaceae	Family	unknown	unknown	earliest_occurrence_date	cal yr BP	NaN		
z4-p84	12000	0	NA	Juniperus	Genus	unknown	unknown	earliest_occurrence_date	cal yr BP	NaN		
z4-p84	12000	0	NA	Juniperus communis L.	Species	unknown	unknown	earliest_occurrence_date	cal yr BP	NaN		
z4-p84	12000	0	NA	Luzula	Genus	unknown	unknown	earliest_occurrence_date	cal yr BP	NaN		
z4-p84	12000	0	NA	Minuratia rubella (Wbg.) Hiern.	Species	unknown	unknown	earliest_occurrence_date	cal yr BP	NaN		
z4-p84	12000	0	NA	Phippsia algida (Sol.) R. Br.	Species	unknown	unknown	earliest_occurrence_date	cal yr BP	NaN		
z4-p84	12000	0	NA	Phyllodoce	Genus	unknown	unknown	earliest_occurrence_date	cal yr BP	NaN		
z4-p84	12000	0	NA	Poaceae	Family	unknown	unknown	earliest_occurrence_date	cal yr BP	NaN		
z4-p84	12000	0	NA	Poa	Genus	unknown	unknown	earliest_occurrence_date	cal yr BP	NaN		
z4-p84	12000	0	NA	Alismatales	Order	unknown	unknown	earliest_occurrence_date	cal yr BP	NaN		
z4-p84	12000	0	NA	Potamogetonaceae	Family	unknown	unknown	earliest_occurrence_date	cal yr BP	NaN		
z4-p84	12000	0	NA	Potamogeton	Genus	unknown	unknown	earliest_occurrence_date	cal yr BP	NaN		
z4-p84	12000	0	NA	Potamogeton pusillus L.	Species	unknown	unknown	earliest_occurrence_date	cal yr BP	NaN		
z4-p84	12000	0	NA	Potentilla	Genus	unknown	unknown	earliest_occurrence_date	cal yr BP	NaN		
z4-p84	12000	0	NA	Ranunculus confervoides (Fr.) Asch. & Graebn.	Species	unknown	unknown	earliest_occurrence_date	cal yr BP	NaN		
z4-p84	12000	0	NA	Ranunculales	Order	unknown	unknown	earliest_occurrence_date	cal yr BP	NaN		
z4-p84	12000	0	NA	Ranunculaceae	Family	unknown	unknown	earliest_occurrence_date	cal yr BP	NaN		
z4-p84	12000	0	NA	Ranunculus	Genus	unknown	unknown	earliest_occurrence_date	cal yr BP	NaN		
z4-p84	12000	0	NA	Ranunculus hyperboreus Rottb.	Species	unknown	unknown	earliest_occurrence_date	cal yr BP	NaN		
z4-p84	12000	0	NA	Caryophyllales	Order	unknown	unknown	earliest_occurrence_date	cal yr BP	NaN		
z4-p84	12000	0	NA	Caryophyllaceae	Family	unknown	unknown	earliest_occurrence_date	cal yr BP	NaN		
z4-p84	12000	0	NA	Silene	Genus	unknown	unknown	earliest_occurrence_date	cal yr BP	NaN		
z4-p84	12000	0	NA	Silene acaulis (L.) Jacq.	Species	unknown	unknown	earliest_occurrence_date	cal yr BP	NaN		
z4-p84	12000	0	NA	Ericaceae	Family	unknown	unknown	earliest_occurrence_date	cal yr BP	NaN		
z4-p84	12000	0	NA	Vaccinioideae	Subfamily	unknown	unknown	earliest_occurrence_date	cal yr BP	NaN		
z4-p84	12000	0	NA	Vaccinium	Genus	unknown	unknown	earliest_occurrence_date	cal yr BP	NaN		
z4-p84	12000	0	NA	Vaccinium uliginosum L.	Species	unknown	unknown	earliest_occurrence_date	cal yr BP	NaN		
z4-p84	12000	0	NA	Alnus	Genus	unknown	unknown	earliest_occurrence_date	cal yr BP	NaN		
z4-p84	12000	0	NA	Asterales	Order	unknown	unknown	earliest_occurrence_date	cal yr BP	NaN		
z4-p84	12000	0	NA	Asteraceae	Family	unknown	unknown	earliest_occurrence_date	cal yr BP	NaN		
z4-p84	12000	0	NA	Asteroideae	Subfamily	unknown	unknown	earliest_occurrence_date	cal yr BP	NaN		
z4-p84	12000	0	NA	Anthemideae	Tribe	unknown	unknown	earliest_occurrence_date	cal yr BP	NaN		
z4-p84	12000	0	NA	Artemisia	Genus	unknown	unknown	earliest_occurrence_date	cal yr BP	NaN		
z4-p84	12000	0	NA	Polypodiophyta	Phylum	unknown	unknown	earliest_occurrence_date	cal yr BP	NaN		
z4-p84	12000	0	NA	Polypodiopsida	Class	unknown	unknown	earliest_occurrence_date	cal yr BP	NaN		
z4-p84	12000	0	NA	Ophioglossales	Order	unknown	unknown	earliest_occurrence_date	cal yr BP	NaN		
z4-p84	12000	0	NA	Ophioglossaceae	Family	unknown	unknown	earliest_occurrence_date	cal yr BP	NaN		
z4-p84	12000	0	NA	Botrychioideae	Subfamily	unknown	unknown	earliest_occurrence_date	cal yr BP	NaN		
z4-p84	12000	0	NA	Botrychium	Genus	unknown	unknown	earliest_occurrence_date	cal yr BP	NaN		
z4-p84	12000	0	NA	Campanulaceae	Family	unknown	unknown	earliest_occurrence_date	cal yr BP	NaN		
z4-p84	12000	0	NA	Campanula	Genus	unknown	unknown	earliest_occurrence_date	cal yr BP	NaN		
z4-p84	12000	0	NA	Stellaria longipes Goldie	Species	unknown	unknown	earliest_occurrence_date	cal yr BP	NaN		
z4-p84	12000	0	NA	Cerastium fontanum Baumg.	Species	unknown	unknown	earliest_occurrence_date	cal yr BP	NaN		
z4-p84	12000	0	NA	Cerastium alpinum L.	Species	unknown	unknown	earliest_occurrence_date	cal yr BP	NaN		
z4-p84	12000	0	NA	Dryas	Genus	unknown	unknown	earliest_occurrence_date	cal yr BP	NaN		
z4-p84	12000	0	NA	Polypodiales	Order	unknown	unknown	earliest_occurrence_date	cal yr BP	NaN		
z4-p84	12000	0	NA	Polypodiaceae	Family	unknown	unknown	earliest_occurrence_date	cal yr BP	NaN		
z4-p84	12000	0	NA	Orobanchaceae	Family	unknown	unknown	earliest_occurrence_date	cal yr BP	NaN		
z4-p84	12000	0	NA	Rhinanthus	Genus	unknown	unknown	earliest_occurrence_date	cal yr BP	NaN		
z4-p84	12000	0	NA	Euphrasia	Genus	unknown	unknown	earliest_occurrence_date	cal yr BP	NaN		
z4-p84	12000	0	NA	Bartsia	Genus	unknown	unknown	earliest_occurrence_date	cal yr BP	NaN		
z4-p84	12000	0	NA	Gentianales	Order	unknown	unknown	earliest_occurrence_date	cal yr BP	NaN		
z4-p84	12000	0	NA	Rubiaceae	Family	unknown	unknown	earliest_occurrence_date	cal yr BP	NaN		
z4-p84	12000	0	NA	Galium	Genus	unknown	unknown	earliest_occurrence_date	cal yr BP	NaN		
z4-p84	12000	0	NA	Gymnocarpium dryopteris (L.) Newman	Species	unknown	unknown	earliest_occurrence_date	cal yr BP	NaN		
z4-p84	12000	0	NA	Lycopodiophyta	Phylum	unknown	unknown	earliest_occurrence_date	cal yr BP	NaN		
z4-p84	12000	0	NA	Lycopodiopsida	Class	unknown	unknown	earliest_occurrence_date	cal yr BP	NaN		
z4-p84	12000	0	NA	Lycopodiales	Order	unknown	unknown	earliest_occurrence_date	cal yr BP	NaN		
z4-p84	12000	0	NA	Lycopodiaceae	Family	unknown	unknown	earliest_occurrence_date	cal yr BP	NaN		
z4-p84	12000	0	NA	Lycopodioideae	Subfamily	unknown	unknown	earliest_occurrence_date	cal yr BP	NaN		
z4-p84	12000	0	NA	Lycopodium	Genus	unknown	unknown	earliest_occurrence_date	cal yr BP	NaN		
z4-p84	12000	0	NA	Lycopodium clavatum L.	Species	unknown	unknown	earliest_occurrence_date	cal yr BP	NaN		
z4-p84	12000	0	NA	Sibbaldia procumbens L.	Species	unknown	unknown	earliest_occurrence_date	cal yr BP	NaN		
z4-p84	12000	0	NA	Comarum	Genus	unknown	unknown	earliest_occurrence_date	cal yr BP	NaN		
z4-p84	12000	0	NA	Comarum palustre L.	Species	unknown	unknown	earliest_occurrence_date	cal yr BP	NaN		
z4-p84	12000	0	NA	Potentilla hyparctica Malte	Species	unknown	unknown	earliest_occurrence_date	cal yr BP	NaN		
z4-p84	12000	0	NA	Potentilla nivea L.	Species	unknown	unknown	earliest_occurrence_date	cal yr BP	NaN		
z4-p84	12000	0	NA	Potentilla hookeriana Lehm.	Species	unknown	unknown	earliest_occurrence_date	cal yr BP	NaN		
z4-p84	12000	0	NA	Polygonaceae	Family	unknown	unknown	earliest_occurrence_date	cal yr BP	NaN		
z4-p84	12000	0	NA	Rumex	Genus	unknown	unknown	earliest_occurrence_date	cal yr BP	NaN		
z4-p84	12000	0	NA	Rumex acetosella L.	Species	unknown	unknown	earliest_occurrence_date	cal yr BP	NaN		
z4-p84	12000	0	NA	Saxifraga paniculata Mill.	Species	unknown	unknown	earliest_occurrence_date	cal yr BP	NaN		
z4-p84	12000	0	NA	Saxifraga aizoides L.	Species	unknown	unknown	earliest_occurrence_date	cal yr BP	NaN		
z4-p84	12000	0	NA	Saxifraga tricuspidata Rottb.	Species	unknown	unknown	earliest_occurrence_date	cal yr BP	NaN		
z4-p84	12000	0	NA	Saxifragales	Order	unknown	unknown	earliest_occurrence_date	cal yr BP	NaN		
z4-p84	12000	0	NA	Saxifragaceae	Family	unknown	unknown	earliest_occurrence_date	cal yr BP	NaN		
z4-p84	12000	0	NA	Saxifraga	Genus	unknown	unknown	earliest_occurrence_date	cal yr BP	NaN		
z4-p84	12000	0	NA	Saxifraga oppositifolia L.	Species	unknown	unknown	earliest_occurrence_date	cal yr BP	NaN		
z4-p84	12000	0	NA	Thalictrum	Genus	unknown	unknown	earliest_occurrence_date	cal yr BP	NaN		
z4-p84	12000	0	NA	Thalictrum alpinum L.	Species	unknown	unknown	earliest_occurrence_date	cal yr BP	NaN		
z4-p84	12000	0	NA	Tofieldiaceae	Family	unknown	unknown	earliest_occurrence_date	cal yr BP	NaN		
z4-p84	12000	0	NA	Tofieldia	Genus	unknown	unknown	earliest_occurrence_date	cal yr BP	NaN		
z4-p84	12000	0	NA	Arctostaphylos alpina (L.) Spreng.	Species	unknown	unknown	earliest_occurrence_date	cal yr BP	NaN		
z4-p84	12000	0	NA	Cassiopoideae	Subfamily	unknown	unknown	earliest_occurrence_date	cal yr BP	NaN		
z4-p84	12000	0	NA	Cassiope	Genus	unknown	unknown	earliest_occurrence_date	cal yr BP	NaN		
z4-p84	12000	0	NA	Cassiope tetragona (L.) D.Don	Species	unknown	unknown	earliest_occurrence_date	cal yr BP	NaN		
z4-p84	12000	0	NA	Myrtales	Order	unknown	unknown	earliest_occurrence_date	cal yr BP	NaN		
z4-p84	12000	0	NA	Onagraceae	Family	unknown	unknown	earliest_occurrence_date	cal yr BP	NaN		
z4-p84	12000	0	NA	Chamaenerion	Genus	unknown	unknown	earliest_occurrence_date	cal yr BP	NaN		
z4-p84	12000	0	NA	Cruciferae	Family	unknown	unknown	earliest_occurrence_date	cal yr BP	NaN		
z4-p84	12000	0	NA	Empetrum nigrum (Hagerup) Böch.	Species	unknown	unknown	earliest_occurrence_date	cal yr BP	NaN		
z4-p84	12000	0	NA	Gramineae	Genus	unknown	unknown	earliest_occurrence_date	cal yr BP	NaN		
z4-p84	12000	0	NA	Huperzia selago (L.) Bernh. ex Schrank. & Mart.	Species	unknown	unknown	earliest_occurrence_date	cal yr BP	NaN		
z4-p84	12000	0	NA	Koenigia	Genus	unknown	unknown	earliest_occurrence_date	cal yr BP	NaN		
z4-p84	12000	0	NA	Koenigia islandica L.	Species	unknown	unknown	earliest_occurrence_date	cal yr BP	NaN		
z4-p84	12000	0	NA	Liguiflorae	Family	unknown	unknown	earliest_occurrence_date	cal yr BP	NaN		
z4-p84	12000	0	NA	Problematic (Placeholder)	Kingdom	unknown	unknown	earliest_occurrence_date	cal yr BP	NaN		
z4-p84	12000	0	NA	Oxyria	Genus	unknown	unknown	earliest_occurrence_date	cal yr BP	NaN		
z4-p84	12000	0	NA	Pedicuralis	Genus	unknown	unknown	earliest_occurrence_date	cal yr BP	NaN		
z4-p84	12000	0	NA	Phyllodoce corerulea (L.) Bab.	Species	unknown	unknown	earliest_occurrence_date	cal yr BP	NaN		
z4-p84	12000	0	NA	Polygonum viviparum L.	Species	unknown	unknown	earliest_occurrence_date	cal yr BP	NaN		
z4-p84	12000	0	NA	Rhododendron lapponicum (L.) Wbg.	Species	unknown	unknown	earliest_occurrence_date	cal yr BP	NaN		
z4-p84	12000	0	NA	Saxifraga hieraciifolia W. & K.	Species	unknown	unknown	earliest_occurrence_date	cal yr BP	NaN		
z4-p84	12000	0	NA	Saxifraga tenuis (Wbg.) H. Sm.	Species	unknown	unknown	earliest_occurrence_date	cal yr BP	NaN		
z4-p84	12000	0	NA	Saxifraga nivalis L.	Species	unknown	unknown	earliest_occurrence_date	cal yr BP	NaN		
